v1_12125836_0_1134348206297032434.tar.gz, http://dbpedia.org/ontology/RadioStation,10, no results,
v1_12125836_0_1134348206297032434.tar.gz, http://dbpedia.org/ontology/RadioStation,5, no results,
v1_12125836_0_1134348206297032434.tar.gz, http://dbpedia.org/ontology/RadioStation,3, no results,
v1_12125836_0_1134348206297032434.tar.gz, http://dbpedia.org/ontology/RadioStation,1, no results,
v1_29414811_13_8724394428539174350.tar.gz, http://dbpedia.org/ontology/VideoGame,10,0.1,
v1_29414811_13_8724394428539174350.tar.gz, http://dbpedia.org/ontology/VideoGame,5,0.1,
v1_29414811_13_8724394428539174350.tar.gz, http://dbpedia.org/ontology/VideoGame,3,0.1,
v1_29414811_13_8724394428539174350.tar.gz, http://dbpedia.org/ontology/VideoGame,1,0.01,
v1_2066887_0_746204117268168398.tar.gz, http://dbpedia.org/ontology/Saint,10,0.1,
v1_2066887_0_746204117268168398.tar.gz, http://dbpedia.org/ontology/Saint,5,0.1,
v1_2066887_0_746204117268168398.tar.gz, http://dbpedia.org/ontology/Saint,3,0.1,
v1_2066887_0_746204117268168398.tar.gz, http://dbpedia.org/ontology/Saint,1,0.01,
v1_68779923_2_1000046510804975562.tar.gz, http://dbpedia.org/ontology/Country,10,0.1,
v1_68779923_2_1000046510804975562.tar.gz, http://dbpedia.org/ontology/Country,5,0.1,
v1_68779923_2_1000046510804975562.tar.gz, http://dbpedia.org/ontology/Country,3,0.05,
v1_68779923_2_1000046510804975562.tar.gz, http://dbpedia.org/ontology/Country,1,0.01,
v1_41839679_0_3009344178474568371.tar.gz, http://dbpedia.org/ontology/Monarch,10,0.05,
v1_41839679_0_3009344178474568371.tar.gz, http://dbpedia.org/ontology/Monarch,5,0.05,
v1_41839679_0_3009344178474568371.tar.gz, http://dbpedia.org/ontology/Monarch,3,0.01,
v1_41839679_0_3009344178474568371.tar.gz, http://dbpedia.org/ontology/Monarch,1,0.005,
v1_24859353_0_7027810986004269522.tar.gz, http://dbpedia.org/ontology/Country,10,0.01,
v1_24859353_0_7027810986004269522.tar.gz, http://dbpedia.org/ontology/Country,5,0.01,
v1_24859353_0_7027810986004269522.tar.gz, http://dbpedia.org/ontology/Country,3,0.01,
v1_24859353_0_7027810986004269522.tar.gz, http://dbpedia.org/ontology/Country,1,0.01,
v1_71137051_0_8039724067857124984.tar.gz, http://dbpedia.org/ontology/Bird,10,0.1,
v1_71137051_0_8039724067857124984.tar.gz, http://dbpedia.org/ontology/Bird,5,0.1,
v1_71137051_0_8039724067857124984.tar.gz, http://dbpedia.org/ontology/Bird,3,0.1,
v1_71137051_0_8039724067857124984.tar.gz, http://dbpedia.org/ontology/Bird,1,0.05,
v1_90593344_0_8311455501234425088.tar.gz, http://dbpedia.org/ontology/Mountain,10,0.1,
v1_90593344_0_8311455501234425088.tar.gz, http://dbpedia.org/ontology/Mountain,5,0.1,
v1_90593344_0_8311455501234425088.tar.gz, http://dbpedia.org/ontology/Mountain,3,0.1,
v1_90593344_0_8311455501234425088.tar.gz, http://dbpedia.org/ontology/Mountain,1,0.05,
v1_64207896_0_3206705146602325658.tar.gz, http://dbpedia.org/ontology/Monarch,10,0.05,
v1_64207896_0_3206705146602325658.tar.gz, http://dbpedia.org/ontology/Monarch,5,0.05,
v1_64207896_0_3206705146602325658.tar.gz, http://dbpedia.org/ontology/Monarch,3,0.01,
v1_64207896_0_3206705146602325658.tar.gz, http://dbpedia.org/ontology/Monarch,1,0.005,
v1_54773498_0_4341462266113591159.tar.gz, http://dbpedia.org/ontology/Building,10,0.1,
v1_54773498_0_4341462266113591159.tar.gz, http://dbpedia.org/ontology/Building,5,0.1,
v1_54773498_0_4341462266113591159.tar.gz, http://dbpedia.org/ontology/Building,3,0.1,
v1_54773498_0_4341462266113591159.tar.gz, http://dbpedia.org/ontology/Building,1,0.1,
v1_19654359_0_3020273135042459469.tar.gz, http://dbpedia.org/ontology/Airport,10,0.1,
v1_19654359_0_3020273135042459469.tar.gz, http://dbpedia.org/ontology/Airport,5,0.1,
v1_19654359_0_3020273135042459469.tar.gz, http://dbpedia.org/ontology/Airport,3,0.1,
v1_19654359_0_3020273135042459469.tar.gz, http://dbpedia.org/ontology/Airport,1,0.1,
v1_77694908_0_6083291340991074532.tar.gz, http://dbpedia.org/ontology/Film,10,0.1,
v1_77694908_0_6083291340991074532.tar.gz, http://dbpedia.org/ontology/Film,5,0.1,
v1_77694908_0_6083291340991074532.tar.gz, http://dbpedia.org/ontology/Film,3,0.1,
v1_77694908_0_6083291340991074532.tar.gz, http://dbpedia.org/ontology/Film,1,0.1,
v1_41648740_0_6959523681065295632.tar.gz, http://dbpedia.org/ontology/Country,10,0.01,
v1_41648740_0_6959523681065295632.tar.gz, http://dbpedia.org/ontology/Country,5,0.01,
v1_41648740_0_6959523681065295632.tar.gz, http://dbpedia.org/ontology/Country,3,0.01,
v1_41648740_0_6959523681065295632.tar.gz, http://dbpedia.org/ontology/Country,1,0.01,
v1_5873256_0_7795190905731964989.tar.gz, http://dbpedia.org/ontology/Airline,10,0.1,
v1_5873256_0_7795190905731964989.tar.gz, http://dbpedia.org/ontology/Airline,5,0.1,
v1_5873256_0_7795190905731964989.tar.gz, http://dbpedia.org/ontology/Airline,3,0.1,
v1_5873256_0_7795190905731964989.tar.gz, http://dbpedia.org/ontology/Airline,1,0.01,
v1_12183399_0_6725061928072492226.tar.gz, http://dbpedia.org/ontology/Country,10,0.05,
v1_12183399_0_6725061928072492226.tar.gz, http://dbpedia.org/ontology/Country,5,0.05,
v1_12183399_0_6725061928072492226.tar.gz, http://dbpedia.org/ontology/Country,3,0.05,
v1_12183399_0_6725061928072492226.tar.gz, http://dbpedia.org/ontology/Country,1,0.01,
v1_8286121_0_8471791395229161598.tar.gz, http://dbpedia.org/ontology/Country,10,0.1,
v1_8286121_0_8471791395229161598.tar.gz, http://dbpedia.org/ontology/Country,5,0.1,
v1_8286121_0_8471791395229161598.tar.gz, http://dbpedia.org/ontology/Country,3,0.05,
v1_8286121_0_8471791395229161598.tar.gz, http://dbpedia.org/ontology/Country,1,0.05,
v1_34041816_1_4749054164534706977.tar.gz, http://dbpedia.org/ontology/Airport,10,0.1,
v1_34041816_1_4749054164534706977.tar.gz, http://dbpedia.org/ontology/Airport,5,0.1,
v1_34041816_1_4749054164534706977.tar.gz, http://dbpedia.org/ontology/Airport,3,0.1,
v1_34041816_1_4749054164534706977.tar.gz, http://dbpedia.org/ontology/Airport,1,0.1,
v1_40534006_0_4617468856744635526.tar.gz, http://dbpedia.org/ontology/Wrestler,10,0.1,
v1_40534006_0_4617468856744635526.tar.gz, http://dbpedia.org/ontology/Wrestler,5,0.1,
v1_40534006_0_4617468856744635526.tar.gz, http://dbpedia.org/ontology/Wrestler,3,0.1,
v1_40534006_0_4617468856744635526.tar.gz, http://dbpedia.org/ontology/Wrestler,1,0.1,
v1_28423212_0_2742990779532526553.tar.gz, http://dbpedia.org/ontology/Company,10,0.1,
v1_28423212_0_2742990779532526553.tar.gz, http://dbpedia.org/ontology/Company,5,0.1,
v1_28423212_0_2742990779532526553.tar.gz, http://dbpedia.org/ontology/Company,3,0.05,
v1_28423212_0_2742990779532526553.tar.gz, http://dbpedia.org/ontology/Company,1,0.05,
v1_76275868_0_4528346580716713695.tar.gz, http://dbpedia.org/ontology/Country,10, no results,
v1_76275868_0_4528346580716713695.tar.gz, http://dbpedia.org/ontology/Country,5, no results,
v1_76275868_0_4528346580716713695.tar.gz, http://dbpedia.org/ontology/Country,3, no results,
v1_76275868_0_4528346580716713695.tar.gz, http://dbpedia.org/ontology/Country,1, no results,
v1_35188621_0_6058553107571275232.tar.gz, http://dbpedia.org/ontology/Film,10,0.1,
v1_35188621_0_6058553107571275232.tar.gz, http://dbpedia.org/ontology/Film,5,0.1,
v1_35188621_0_6058553107571275232.tar.gz, http://dbpedia.org/ontology/Film,3,0.05,
v1_35188621_0_6058553107571275232.tar.gz, http://dbpedia.org/ontology/Film,1,0.05,
v1_74718406_0_3914457597478137388.tar.gz, http://dbpedia.org/ontology/Airport,10,0.1,
v1_74718406_0_3914457597478137388.tar.gz, http://dbpedia.org/ontology/Airport,5,0.1,
v1_74718406_0_3914457597478137388.tar.gz, http://dbpedia.org/ontology/Airport,3,0.1,
v1_74718406_0_3914457597478137388.tar.gz, http://dbpedia.org/ontology/Airport,1,0.1,
v1_12151277_0_1262954734066545952.tar.gz, http://dbpedia.org/ontology/Hospital,10, no results,
v1_12151277_0_1262954734066545952.tar.gz, http://dbpedia.org/ontology/Hospital,5, no results,
v1_12151277_0_1262954734066545952.tar.gz, http://dbpedia.org/ontology/Hospital,3, no results,
v1_12151277_0_1262954734066545952.tar.gz, http://dbpedia.org/ontology/Hospital,1, no results,
v1_38390205_1_8150763005563658139.tar.gz, http://dbpedia.org/ontology/Hospital,10,0.1,
v1_38390205_1_8150763005563658139.tar.gz, http://dbpedia.org/ontology/Hospital,5,0.1,
v1_38390205_1_8150763005563658139.tar.gz, http://dbpedia.org/ontology/Hospital,3,0.1,
v1_38390205_1_8150763005563658139.tar.gz, http://dbpedia.org/ontology/Hospital,1,0.01,
v1_64734047_0_5880705307495695536.tar.gz, http://dbpedia.org/ontology/Hospital,10,0.1,
v1_64734047_0_5880705307495695536.tar.gz, http://dbpedia.org/ontology/Hospital,5,0.1,
v1_64734047_0_5880705307495695536.tar.gz, http://dbpedia.org/ontology/Hospital,3,0.1,
v1_64734047_0_5880705307495695536.tar.gz, http://dbpedia.org/ontology/Hospital,1,0.05,
v1_76373906_0_6904594838446307331.tar.gz, http://dbpedia.org/ontology/PoliticalParty,10,0.1,
v1_76373906_0_6904594838446307331.tar.gz, http://dbpedia.org/ontology/PoliticalParty,5,0.1,
v1_76373906_0_6904594838446307331.tar.gz, http://dbpedia.org/ontology/PoliticalParty,3,0.1,
v1_76373906_0_6904594838446307331.tar.gz, http://dbpedia.org/ontology/PoliticalParty,1,0.05,
v1_4501311_8_8306082458935575308.tar.gz, http://dbpedia.org/ontology/VideoGame,10,0.1,
v1_4501311_8_8306082458935575308.tar.gz, http://dbpedia.org/ontology/VideoGame,5,0.1,
v1_4501311_8_8306082458935575308.tar.gz, http://dbpedia.org/ontology/VideoGame,3,0.1,
v1_4501311_8_8306082458935575308.tar.gz, http://dbpedia.org/ontology/VideoGame,1,0.01,
v1_38732532_0_1420803645394505878.tar.gz, http://dbpedia.org/ontology/Monarch,10,0.001,
v1_38732532_0_1420803645394505878.tar.gz, http://dbpedia.org/ontology/Monarch,5,0.001,
v1_38732532_0_1420803645394505878.tar.gz, http://dbpedia.org/ontology/Monarch,3,0.001,
v1_38732532_0_1420803645394505878.tar.gz, http://dbpedia.org/ontology/Monarch,1,0.002,
v1_73988811_0_2775758476756716904.tar.gz, http://dbpedia.org/ontology/Film,10,0.1,
v1_73988811_0_2775758476756716904.tar.gz, http://dbpedia.org/ontology/Film,5,0.1,
v1_73988811_0_2775758476756716904.tar.gz, http://dbpedia.org/ontology/Film,3,0.1,
v1_73988811_0_2775758476756716904.tar.gz, http://dbpedia.org/ontology/Film,1,0.05,
v1_12193237_0_8699643798888088574.tar.gz, http://dbpedia.org/ontology/Country,10,0.05,
v1_12193237_0_8699643798888088574.tar.gz, http://dbpedia.org/ontology/Country,5,0.05,
v1_12193237_0_8699643798888088574.tar.gz, http://dbpedia.org/ontology/Country,3,0.05,
v1_12193237_0_8699643798888088574.tar.gz, http://dbpedia.org/ontology/Country,1,0.05,
v1_9686394_0_5980699488362107028.tar.gz, http://dbpedia.org/ontology/Airport,10,0.1,
v1_9686394_0_5980699488362107028.tar.gz, http://dbpedia.org/ontology/Airport,5,0.1,
v1_9686394_0_5980699488362107028.tar.gz, http://dbpedia.org/ontology/Airport,3,0.1,
v1_9686394_0_5980699488362107028.tar.gz, http://dbpedia.org/ontology/Airport,1,0.1,
v1_53989675_0_8697482470743954630.tar.gz, http://dbpedia.org/ontology/Lake,10,0.1,
v1_53989675_0_8697482470743954630.tar.gz, http://dbpedia.org/ontology/Lake,5,0.1,
v1_53989675_0_8697482470743954630.tar.gz, http://dbpedia.org/ontology/Lake,3,0.1,
v1_53989675_0_8697482470743954630.tar.gz, http://dbpedia.org/ontology/Lake,1,0.01,
v1_24142265_0_4577466141408796359.tar.gz, http://dbpedia.org/ontology/VideoGame,10,0.1,
v1_24142265_0_4577466141408796359.tar.gz, http://dbpedia.org/ontology/VideoGame,5,0.1,
v1_24142265_0_4577466141408796359.tar.gz, http://dbpedia.org/ontology/VideoGame,3,0.1,
v1_24142265_0_4577466141408796359.tar.gz, http://dbpedia.org/ontology/VideoGame,1,0.01,
v1_43226272_0_5995103035300388365.tar.gz, http://dbpedia.org/ontology/Hospital,10, no results,
v1_43226272_0_5995103035300388365.tar.gz, http://dbpedia.org/ontology/Hospital,5, no results,
v1_43226272_0_5995103035300388365.tar.gz, http://dbpedia.org/ontology/Hospital,3, no results,
v1_43226272_0_5995103035300388365.tar.gz, http://dbpedia.org/ontology/Hospital,1, no results,
v1_19361188_0_1640726405141876003.tar.gz, http://dbpedia.org/ontology/Mountain,10,0.1,
v1_19361188_0_1640726405141876003.tar.gz, http://dbpedia.org/ontology/Mountain,5,0.1,
v1_19361188_0_1640726405141876003.tar.gz, http://dbpedia.org/ontology/Mountain,3,0.1,
v1_19361188_0_1640726405141876003.tar.gz, http://dbpedia.org/ontology/Mountain,1,0.1,
v1_78005071_0_8643954006825971723.tar.gz, http://dbpedia.org/ontology/PoliticalParty,10,0.1,
v1_78005071_0_8643954006825971723.tar.gz, http://dbpedia.org/ontology/PoliticalParty,5,0.1,
v1_78005071_0_8643954006825971723.tar.gz, http://dbpedia.org/ontology/PoliticalParty,3,0.1,
v1_78005071_0_8643954006825971723.tar.gz, http://dbpedia.org/ontology/PoliticalParty,1,0.1,
v1_47709681_0_4437772923903322343.tar.gz, http://dbpedia.org/ontology/VideoGame,10,0.1,
v1_47709681_0_4437772923903322343.tar.gz, http://dbpedia.org/ontology/VideoGame,5,0.1,
v1_47709681_0_4437772923903322343.tar.gz, http://dbpedia.org/ontology/VideoGame,3,0.1,
v1_47709681_0_4437772923903322343.tar.gz, http://dbpedia.org/ontology/VideoGame,1,0.01,
v1_13719111_1_5719401842463579519.tar.gz, http://dbpedia.org/ontology/Bird,10,0.1,
v1_13719111_1_5719401842463579519.tar.gz, http://dbpedia.org/ontology/Bird,5,0.1,
v1_13719111_1_5719401842463579519.tar.gz, http://dbpedia.org/ontology/Bird,3,0.1,
v1_13719111_1_5719401842463579519.tar.gz, http://dbpedia.org/ontology/Bird,1,0.1,
v1_84548468_0_5955155464119382182.tar.gz, http://dbpedia.org/ontology/Film,10,0.1,
v1_84548468_0_5955155464119382182.tar.gz, http://dbpedia.org/ontology/Film,5,0.1,
v1_84548468_0_5955155464119382182.tar.gz, http://dbpedia.org/ontology/Film,3,0.1,
v1_84548468_0_5955155464119382182.tar.gz, http://dbpedia.org/ontology/Film,1,0.1,
v1_41819807_0_3139249984404131679.tar.gz, http://dbpedia.org/ontology/Lake,10,0.1,
v1_41819807_0_3139249984404131679.tar.gz, http://dbpedia.org/ontology/Lake,5,0.1,
v1_41819807_0_3139249984404131679.tar.gz, http://dbpedia.org/ontology/Lake,3,0.1,
v1_41819807_0_3139249984404131679.tar.gz, http://dbpedia.org/ontology/Lake,1,0.05,
v1_70515524_0_5425995199745290007.tar.gz, http://dbpedia.org/ontology/Monarch,10,0.003,
v1_70515524_0_5425995199745290007.tar.gz, http://dbpedia.org/ontology/Monarch,5,0.003,
v1_70515524_0_5425995199745290007.tar.gz, http://dbpedia.org/ontology/Monarch,3, alpha outside the scope,
v1_70515524_0_5425995199745290007.tar.gz, http://dbpedia.org/ontology/Monarch,1, alpha outside the scope,
v1_32051842_5_1757891723986774036.tar.gz, http://dbpedia.org/ontology/Museum,10,0.1,
v1_32051842_5_1757891723986774036.tar.gz, http://dbpedia.org/ontology/Museum,5,0.1,
v1_32051842_5_1757891723986774036.tar.gz, http://dbpedia.org/ontology/Museum,3,0.1,
v1_32051842_5_1757891723986774036.tar.gz, http://dbpedia.org/ontology/Museum,1,0.01,
v1_88732174_0_7321365014357502211.tar.gz, http://dbpedia.org/ontology/BaseballPlayer,10, no results,
v1_88732174_0_7321365014357502211.tar.gz, http://dbpedia.org/ontology/BaseballPlayer,5, no results,
v1_88732174_0_7321365014357502211.tar.gz, http://dbpedia.org/ontology/BaseballPlayer,3, no results,
v1_88732174_0_7321365014357502211.tar.gz, http://dbpedia.org/ontology/BaseballPlayer,1, no results,
v1_55961337_0_6548713781034932742.tar.gz, http://dbpedia.org/ontology/Country,10, alpha outside the scope,
v1_55961337_0_6548713781034932742.tar.gz, http://dbpedia.org/ontology/Country,5, alpha outside the scope,
v1_55961337_0_6548713781034932742.tar.gz, http://dbpedia.org/ontology/Country,3, alpha outside the scope,
v1_55961337_0_6548713781034932742.tar.gz, http://dbpedia.org/ontology/Country,1, alpha outside the scope,
v1_75154185_0_1607627349983289012.tar.gz, http://dbpedia.org/ontology/City,10, no results,
v1_75154185_0_1607627349983289012.tar.gz, http://dbpedia.org/ontology/City,5, no results,
v1_75154185_0_1607627349983289012.tar.gz, http://dbpedia.org/ontology/City,3, no results,
v1_75154185_0_1607627349983289012.tar.gz, http://dbpedia.org/ontology/City,1, no results,
v1_98312357_0_6395417306876145729.tar.gz, http://dbpedia.org/ontology/Monarch,10,0.001,
v1_98312357_0_6395417306876145729.tar.gz, http://dbpedia.org/ontology/Monarch,5,0.001,
v1_98312357_0_6395417306876145729.tar.gz, http://dbpedia.org/ontology/Monarch,3,0.001,
v1_98312357_0_6395417306876145729.tar.gz, http://dbpedia.org/ontology/Monarch,1,0.001,
v1_74685423_0_8061289760697103949.tar.gz, http://dbpedia.org/ontology/Bird,10,0.1,
v1_74685423_0_8061289760697103949.tar.gz, http://dbpedia.org/ontology/Bird,5,0.1,
v1_74685423_0_8061289760697103949.tar.gz, http://dbpedia.org/ontology/Bird,3,0.1,
v1_74685423_0_8061289760697103949.tar.gz, http://dbpedia.org/ontology/Bird,1,0.1,
v1_39107734_2_2329160387535788734.tar.gz, http://dbpedia.org/ontology/Airport,10,0.1,
v1_39107734_2_2329160387535788734.tar.gz, http://dbpedia.org/ontology/Airport,5,0.1,
v1_39107734_2_2329160387535788734.tar.gz, http://dbpedia.org/ontology/Airport,3,0.1,
v1_39107734_2_2329160387535788734.tar.gz, http://dbpedia.org/ontology/Airport,1,0.1,
v1_40844462_1_6230938203735169234.tar.gz, http://dbpedia.org/ontology/Film,10,0.017,
v1_40844462_1_6230938203735169234.tar.gz, http://dbpedia.org/ontology/Film,5,0.017,
v1_40844462_1_6230938203735169234.tar.gz, http://dbpedia.org/ontology/Film,3,0.018,
v1_40844462_1_6230938203735169234.tar.gz, http://dbpedia.org/ontology/Film,1,0.024,
v1_8009320_0_5507755752653817624.tar.gz, http://dbpedia.org/ontology/Country,10,0.05,
v1_8009320_0_5507755752653817624.tar.gz, http://dbpedia.org/ontology/Country,5,0.05,
v1_8009320_0_5507755752653817624.tar.gz, http://dbpedia.org/ontology/Country,3,0.05,
v1_8009320_0_5507755752653817624.tar.gz, http://dbpedia.org/ontology/Country,1,0.01,
v1_33401079_0_9127583903019856402.tar.gz, http://dbpedia.org/ontology/Person,10,0.4,updated
v1_33401079_0_9127583903019856402.tar.gz, http://dbpedia.org/ontology/Person,5,0.4,updated
v1_33401079_0_9127583903019856402.tar.gz, http://dbpedia.org/ontology/Person,3,0.4,updated
v1_33401079_0_9127583903019856402.tar.gz, http://dbpedia.org/ontology/Person,1,0.4,updated
v1_86297395_0_6919201319699354263.tar.gz, http://dbpedia.org/ontology/Country,10,0.01,
v1_86297395_0_6919201319699354263.tar.gz, http://dbpedia.org/ontology/Country,5,0.01,
v1_86297395_0_6919201319699354263.tar.gz, http://dbpedia.org/ontology/Country,3,0.01,
v1_86297395_0_6919201319699354263.tar.gz, http://dbpedia.org/ontology/Country,1,0.01,
v1_29021592_4_4348860179678308511.tar.gz, http://dbpedia.org/ontology/Monarch,10,0.1,
v1_29021592_4_4348860179678308511.tar.gz, http://dbpedia.org/ontology/Monarch,5,0.1,
v1_29021592_4_4348860179678308511.tar.gz, http://dbpedia.org/ontology/Monarch,3,0.1,
v1_29021592_4_4348860179678308511.tar.gz, http://dbpedia.org/ontology/Monarch,1,0.1,
v1_11688006_0_8123036130090004213.tar.gz, http://dbpedia.org/ontology/Country,10,0.05,
v1_11688006_0_8123036130090004213.tar.gz, http://dbpedia.org/ontology/Country,5,0.05,
v1_11688006_0_8123036130090004213.tar.gz, http://dbpedia.org/ontology/Country,3,0.05,
v1_11688006_0_8123036130090004213.tar.gz, http://dbpedia.org/ontology/Country,1,0.01,
v1_25404227_0_2240631045609013057.tar.gz, http://dbpedia.org/ontology/Film,10, no results,
v1_25404227_0_2240631045609013057.tar.gz, http://dbpedia.org/ontology/Film,5, no results,
v1_25404227_0_2240631045609013057.tar.gz, http://dbpedia.org/ontology/Film,3, no results,
v1_25404227_0_2240631045609013057.tar.gz, http://dbpedia.org/ontology/Film,1, no results,
v1_37541068_1_1156932518917623732.tar.gz, http://dbpedia.org/ontology/BaseballPlayer,10,0.1,
v1_37541068_1_1156932518917623732.tar.gz, http://dbpedia.org/ontology/BaseballPlayer,5,0.1,
v1_37541068_1_1156932518917623732.tar.gz, http://dbpedia.org/ontology/BaseballPlayer,3,0.1,
v1_37541068_1_1156932518917623732.tar.gz, http://dbpedia.org/ontology/BaseballPlayer,1,0.1,
v1_79327346_0_5787863739697336601.tar.gz, http://dbpedia.org/ontology/Country,10,0.05,
v1_79327346_0_5787863739697336601.tar.gz, http://dbpedia.org/ontology/Country,5,0.05,
v1_79327346_0_5787863739697336601.tar.gz, http://dbpedia.org/ontology/Country,3,0.05,
v1_79327346_0_5787863739697336601.tar.gz, http://dbpedia.org/ontology/Country,1,0.01,
v1_39759273_0_1427898308030295194.tar.gz, http://dbpedia.org/ontology/Film,10,0.1,
v1_39759273_0_1427898308030295194.tar.gz, http://dbpedia.org/ontology/Film,5,0.1,
v1_39759273_0_1427898308030295194.tar.gz, http://dbpedia.org/ontology/Film,3,0.1,
v1_39759273_0_1427898308030295194.tar.gz, http://dbpedia.org/ontology/Film,1,0.1,
v1_14380604_4_3329235705746762392.tar.gz, http://dbpedia.org/ontology/Company,10,0.1,
v1_14380604_4_3329235705746762392.tar.gz, http://dbpedia.org/ontology/Company,5,0.1,
v1_14380604_4_3329235705746762392.tar.gz, http://dbpedia.org/ontology/Company,3,0.1,
v1_14380604_4_3329235705746762392.tar.gz, http://dbpedia.org/ontology/Company,1,0.1,
v1_26310680_0_5150772059999313798.tar.gz, http://dbpedia.org/ontology/Country,10, no results,
v1_26310680_0_5150772059999313798.tar.gz, http://dbpedia.org/ontology/Country,5, no results,
v1_26310680_0_5150772059999313798.tar.gz, http://dbpedia.org/ontology/Country,3, no results,
v1_26310680_0_5150772059999313798.tar.gz, http://dbpedia.org/ontology/Country,1, no results,
v1_71840765_0_6664391841933033844.tar.gz, http://dbpedia.org/ontology/Lake,10,0.1,
v1_71840765_0_6664391841933033844.tar.gz, http://dbpedia.org/ontology/Lake,5,0.1,
v1_71840765_0_6664391841933033844.tar.gz, http://dbpedia.org/ontology/Lake,3,0.1,
v1_71840765_0_6664391841933033844.tar.gz, http://dbpedia.org/ontology/Lake,1,0.05,
v1_12271141_0_8517913935669973086.tar.gz, http://dbpedia.org/ontology/Company,10,0.1,
v1_12271141_0_8517913935669973086.tar.gz, http://dbpedia.org/ontology/Company,5,0.1,
v1_12271141_0_8517913935669973086.tar.gz, http://dbpedia.org/ontology/Company,3,0.1,
v1_12271141_0_8517913935669973086.tar.gz, http://dbpedia.org/ontology/Company,1,0.1,
v1_29414811_2_4773219892816395776.tar.gz, http://dbpedia.org/ontology/VideoGame,10,0.1,
v1_29414811_2_4773219892816395776.tar.gz, http://dbpedia.org/ontology/VideoGame,5,0.1,
v1_29414811_2_4773219892816395776.tar.gz, http://dbpedia.org/ontology/VideoGame,3,0.1,
v1_29414811_2_4773219892816395776.tar.gz, http://dbpedia.org/ontology/VideoGame,1,0.01,
v1_45073662_0_3179937335063201739.tar.gz, http://dbpedia.org/ontology/BaseballPlayer,10,0.1,
v1_45073662_0_3179937335063201739.tar.gz, http://dbpedia.org/ontology/BaseballPlayer,5,0.1,
v1_45073662_0_3179937335063201739.tar.gz, http://dbpedia.org/ontology/BaseballPlayer,3,0.1,
v1_45073662_0_3179937335063201739.tar.gz, http://dbpedia.org/ontology/BaseballPlayer,1,0.1,
v1_29412826_0_3422707769191426540.tar.gz, http://dbpedia.org/ontology/Museum,10,0.1,
v1_29412826_0_3422707769191426540.tar.gz, http://dbpedia.org/ontology/Museum,5,0.1,
v1_29412826_0_3422707769191426540.tar.gz, http://dbpedia.org/ontology/Museum,3,0.1,
v1_29412826_0_3422707769191426540.tar.gz, http://dbpedia.org/ontology/Museum,1,0.05,
v1_19272019_0_1508498249156534553.tar.gz, http://dbpedia.org/ontology/University,10,0.1,
v1_19272019_0_1508498249156534553.tar.gz, http://dbpedia.org/ontology/University,5,0.1,
v1_19272019_0_1508498249156534553.tar.gz, http://dbpedia.org/ontology/University,3,0.1,
v1_19272019_0_1508498249156534553.tar.gz, http://dbpedia.org/ontology/University,1,0.01,
v1_39650055_5_7135804139753401681.tar.gz, http://dbpedia.org/ontology/Company,10, alpha outside the scope,
v1_39650055_5_7135804139753401681.tar.gz, http://dbpedia.org/ontology/Company,5, alpha outside the scope,
v1_39650055_5_7135804139753401681.tar.gz, http://dbpedia.org/ontology/Company,3, alpha outside the scope,
v1_39650055_5_7135804139753401681.tar.gz, http://dbpedia.org/ontology/Company,1, alpha outside the scope,
v1_37815699_0_8391788584341609964.tar.gz, http://dbpedia.org/ontology/Person,10,0.1,
v1_37815699_0_8391788584341609964.tar.gz, http://dbpedia.org/ontology/Person,5,0.1,
v1_37815699_0_8391788584341609964.tar.gz, http://dbpedia.org/ontology/Person,3,0.01,
v1_37815699_0_8391788584341609964.tar.gz, http://dbpedia.org/ontology/Person,1,0.01,
v1_3887681_0_7938589465814037992.tar.gz, http://dbpedia.org/ontology/Lake,10,0.039,
v1_3887681_0_7938589465814037992.tar.gz, http://dbpedia.org/ontology/Lake,5,0.039,
v1_3887681_0_7938589465814037992.tar.gz, http://dbpedia.org/ontology/Lake,3, alpha outside the scope,
v1_3887681_0_7938589465814037992.tar.gz, http://dbpedia.org/ontology/Lake,1, alpha outside the scope,
v1_55238374_0_3379409961751009152.tar.gz, http://dbpedia.org/ontology/Country,10,0.1,
v1_55238374_0_3379409961751009152.tar.gz, http://dbpedia.org/ontology/Country,5,0.1,
v1_55238374_0_3379409961751009152.tar.gz, http://dbpedia.org/ontology/Country,3,0.1,
v1_55238374_0_3379409961751009152.tar.gz, http://dbpedia.org/ontology/Country,1,0.01,
v1_61121469_0_6337620713408906340.tar.gz, http://dbpedia.org/ontology/Country,10,0.1,
v1_61121469_0_6337620713408906340.tar.gz, http://dbpedia.org/ontology/Country,5,0.1,
v1_61121469_0_6337620713408906340.tar.gz, http://dbpedia.org/ontology/Country,3,0.05,
v1_61121469_0_6337620713408906340.tar.gz, http://dbpedia.org/ontology/Country,1,0.01,
v1_4444204_0_951426790527152756.tar.gz, http://dbpedia.org/ontology/City,10,0.011,
v1_4444204_0_951426790527152756.tar.gz, http://dbpedia.org/ontology/City,5,0.011,
v1_4444204_0_951426790527152756.tar.gz, http://dbpedia.org/ontology/City,3,0.016,
v1_4444204_0_951426790527152756.tar.gz, http://dbpedia.org/ontology/City,1, alpha outside the scope,
v1_10630177_0_4831842476649004753.tar.gz, http://dbpedia.org/ontology/Building,10,0.1,
v1_10630177_0_4831842476649004753.tar.gz, http://dbpedia.org/ontology/Building,5,0.1,
v1_10630177_0_4831842476649004753.tar.gz, http://dbpedia.org/ontology/Building,3,0.1,
v1_10630177_0_4831842476649004753.tar.gz, http://dbpedia.org/ontology/Building,1,0.1,
v1_41194422_0_7231546114369966811.tar.gz, http://dbpedia.org/ontology/Country,10,0.05,
v1_41194422_0_7231546114369966811.tar.gz, http://dbpedia.org/ontology/Country,5,0.05,
v1_41194422_0_7231546114369966811.tar.gz, http://dbpedia.org/ontology/Country,3,0.05,
v1_41194422_0_7231546114369966811.tar.gz, http://dbpedia.org/ontology/Country,1,0.01,
v1_51741865_0_9203644246202164492.tar.gz, http://dbpedia.org/ontology/RadioStation,10, no results,
v1_51741865_0_9203644246202164492.tar.gz, http://dbpedia.org/ontology/RadioStation,5, no results,
v1_51741865_0_9203644246202164492.tar.gz, http://dbpedia.org/ontology/RadioStation,3, no results,
v1_51741865_0_9203644246202164492.tar.gz, http://dbpedia.org/ontology/RadioStation,1, no results,
v1_20135078_0_7570343137119682530.tar.gz, http://dbpedia.org/ontology/Film,10,0.1,
v1_20135078_0_7570343137119682530.tar.gz, http://dbpedia.org/ontology/Film,5,0.1,
v1_20135078_0_7570343137119682530.tar.gz, http://dbpedia.org/ontology/Film,3,0.1,
v1_20135078_0_7570343137119682530.tar.gz, http://dbpedia.org/ontology/Film,1,0.05,
v1_67865873_0_8259587610208037357.tar.gz, http://dbpedia.org/ontology/Country,10,0.05,
v1_67865873_0_8259587610208037357.tar.gz, http://dbpedia.org/ontology/Country,5,0.05,
v1_67865873_0_8259587610208037357.tar.gz, http://dbpedia.org/ontology/Country,3,0.05,
v1_67865873_0_8259587610208037357.tar.gz, http://dbpedia.org/ontology/Country,1,0.01,
v1_77632062_0_2292892375652659825.tar.gz, http://dbpedia.org/ontology/City,10,0.01,
v1_77632062_0_2292892375652659825.tar.gz, http://dbpedia.org/ontology/City,5,0.01,
v1_77632062_0_2292892375652659825.tar.gz, http://dbpedia.org/ontology/City,3,0.01,
v1_77632062_0_2292892375652659825.tar.gz, http://dbpedia.org/ontology/City,1, alpha outside the scope,
v1_1614988_0_8789868670151796042.tar.gz, http://dbpedia.org/ontology/Scientist,10,0.1,
v1_1614988_0_8789868670151796042.tar.gz, http://dbpedia.org/ontology/Scientist,5,0.1,
v1_1614988_0_8789868670151796042.tar.gz, http://dbpedia.org/ontology/Scientist,3,0.1,
v1_1614988_0_8789868670151796042.tar.gz, http://dbpedia.org/ontology/Scientist,1,0.1,
v1_21337553_0_8832378999628437599.tar.gz, http://dbpedia.org/ontology/Mountain,10,0.1,
v1_21337553_0_8832378999628437599.tar.gz, http://dbpedia.org/ontology/Mountain,5,0.1,
v1_21337553_0_8832378999628437599.tar.gz, http://dbpedia.org/ontology/Mountain,3,0.1,
v1_21337553_0_8832378999628437599.tar.gz, http://dbpedia.org/ontology/Mountain,1,0.1,
v1_11833461_1_3811022039809817402.tar.gz, http://dbpedia.org/ontology/VideoGame,10,0.1,
v1_11833461_1_3811022039809817402.tar.gz, http://dbpedia.org/ontology/VideoGame,5,0.1,
v1_11833461_1_3811022039809817402.tar.gz, http://dbpedia.org/ontology/VideoGame,3,0.1,
v1_11833461_1_3811022039809817402.tar.gz, http://dbpedia.org/ontology/VideoGame,1,0.01,
v1_38428277_0_1311643810102462607.tar.gz, http://dbpedia.org/ontology/Film,10,0.1,
v1_38428277_0_1311643810102462607.tar.gz, http://dbpedia.org/ontology/Film,5,0.1,
v1_38428277_0_1311643810102462607.tar.gz, http://dbpedia.org/ontology/Film,3,0.1,
v1_38428277_0_1311643810102462607.tar.gz, http://dbpedia.org/ontology/Film,1,0.05,
v1_54719588_0_8417197176086756912.tar.gz, http://dbpedia.org/ontology/Film,10, no results,
v1_54719588_0_8417197176086756912.tar.gz, http://dbpedia.org/ontology/Film,5, no results,
v1_54719588_0_8417197176086756912.tar.gz, http://dbpedia.org/ontology/Film,3, no results,
v1_54719588_0_8417197176086756912.tar.gz, http://dbpedia.org/ontology/Film,1, no results,
v1_52208141_2_5171684379987586712.tar.gz, http://dbpedia.org/ontology/Museum,10,0.1,
v1_52208141_2_5171684379987586712.tar.gz, http://dbpedia.org/ontology/Museum,5,0.1,
v1_52208141_2_5171684379987586712.tar.gz, http://dbpedia.org/ontology/Museum,3,0.1,
v1_52208141_2_5171684379987586712.tar.gz, http://dbpedia.org/ontology/Museum,1,0.01,
v1_14311244_0_7604843865524657408.tar.gz, http://dbpedia.org/ontology/Mountain,10,0.1,
v1_14311244_0_7604843865524657408.tar.gz, http://dbpedia.org/ontology/Mountain,5,0.1,
v1_14311244_0_7604843865524657408.tar.gz, http://dbpedia.org/ontology/Mountain,3,0.1,
v1_14311244_0_7604843865524657408.tar.gz, http://dbpedia.org/ontology/Mountain,1,0.1,
v1_9567241_0_5666388268510912770.tar.gz, http://dbpedia.org/ontology/Newspaper,10,0.1,
v1_9567241_0_5666388268510912770.tar.gz, http://dbpedia.org/ontology/Newspaper,5,0.1,
v1_9567241_0_5666388268510912770.tar.gz, http://dbpedia.org/ontology/Newspaper,3,0.1,
v1_9567241_0_5666388268510912770.tar.gz, http://dbpedia.org/ontology/Newspaper,1,0.01,
v1_28646774_0_3256889721737611537.tar.gz, http://dbpedia.org/ontology/PoliticalParty,10,0.1,
v1_28646774_0_3256889721737611537.tar.gz, http://dbpedia.org/ontology/PoliticalParty,5,0.1,
v1_28646774_0_3256889721737611537.tar.gz, http://dbpedia.org/ontology/PoliticalParty,3,0.1,
v1_28646774_0_3256889721737611537.tar.gz, http://dbpedia.org/ontology/PoliticalParty,1,0.05,
v1_16767252_0_2409448375013995751.tar.gz, http://dbpedia.org/ontology/Film,10,0.1,
v1_16767252_0_2409448375013995751.tar.gz, http://dbpedia.org/ontology/Film,5,0.1,
v1_16767252_0_2409448375013995751.tar.gz, http://dbpedia.org/ontology/Film,3,0.1,
v1_16767252_0_2409448375013995751.tar.gz, http://dbpedia.org/ontology/Film,1,0.1,
v1_24417511_0_3058323105166963431.tar.gz, http://dbpedia.org/ontology/BaseballPlayer,10,0.1,
v1_24417511_0_3058323105166963431.tar.gz, http://dbpedia.org/ontology/BaseballPlayer,5,0.1,
v1_24417511_0_3058323105166963431.tar.gz, http://dbpedia.org/ontology/BaseballPlayer,3,0.1,
v1_24417511_0_3058323105166963431.tar.gz, http://dbpedia.org/ontology/BaseballPlayer,1,0.1,
v1_86627271_6_2239821927452848323.tar.gz, http://dbpedia.org/ontology/Lake,10,0.1,
v1_86627271_6_2239821927452848323.tar.gz, http://dbpedia.org/ontology/Lake,5,0.1,
v1_86627271_6_2239821927452848323.tar.gz, http://dbpedia.org/ontology/Lake,3,0.1,
v1_86627271_6_2239821927452848323.tar.gz, http://dbpedia.org/ontology/Lake,1,0.05,
v1_53583534_0_503521622577229691.tar.gz, http://dbpedia.org/ontology/Building,10,0.1,
v1_53583534_0_503521622577229691.tar.gz, http://dbpedia.org/ontology/Building,5,0.1,
v1_53583534_0_503521622577229691.tar.gz, http://dbpedia.org/ontology/Building,3,0.1,
v1_53583534_0_503521622577229691.tar.gz, http://dbpedia.org/ontology/Building,1,0.1,
v1_57943722_0_8666078014685775876.tar.gz, http://dbpedia.org/ontology/Country,10,0.01,
v1_57943722_0_8666078014685775876.tar.gz, http://dbpedia.org/ontology/Country,5,0.01,
v1_57943722_0_8666078014685775876.tar.gz, http://dbpedia.org/ontology/Country,3,0.01,
v1_57943722_0_8666078014685775876.tar.gz, http://dbpedia.org/ontology/Country,1,0.005,
v1_63450419_0_8012592961815711786.tar.gz, http://dbpedia.org/ontology/Plant,10, alpha outside the scope,
v1_63450419_0_8012592961815711786.tar.gz, http://dbpedia.org/ontology/Plant,5, alpha outside the scope,
v1_63450419_0_8012592961815711786.tar.gz, http://dbpedia.org/ontology/Plant,3, alpha outside the scope,
v1_63450419_0_8012592961815711786.tar.gz, http://dbpedia.org/ontology/Plant,1, alpha outside the scope,
v1_3962429_0_3452614694863053249.tar.gz, http://dbpedia.org/ontology/Hotel,10,0.1,
v1_3962429_0_3452614694863053249.tar.gz, http://dbpedia.org/ontology/Hotel,5,0.1,
v1_3962429_0_3452614694863053249.tar.gz, http://dbpedia.org/ontology/Hotel,3,0.1,
v1_3962429_0_3452614694863053249.tar.gz, http://dbpedia.org/ontology/Hotel,1,0.05,
v1_29414811_12_251152470253168163.tar.gz, http://dbpedia.org/ontology/VideoGame,10,0.1,
v1_29414811_12_251152470253168163.tar.gz, http://dbpedia.org/ontology/VideoGame,5,0.1,
v1_29414811_12_251152470253168163.tar.gz, http://dbpedia.org/ontology/VideoGame,3,0.1,
v1_29414811_12_251152470253168163.tar.gz, http://dbpedia.org/ontology/VideoGame,1,0.01,
v1_96203994_0_2127964719640427252.tar.gz, http://dbpedia.org/ontology/Company,10,0.1,
v1_96203994_0_2127964719640427252.tar.gz, http://dbpedia.org/ontology/Company,5,0.1,
v1_96203994_0_2127964719640427252.tar.gz, http://dbpedia.org/ontology/Company,3,0.1,
v1_96203994_0_2127964719640427252.tar.gz, http://dbpedia.org/ontology/Company,1,0.1,
v1_64499281_8_7181683886563136802.tar.gz, http://dbpedia.org/ontology/Museum,10,0.1,
v1_64499281_8_7181683886563136802.tar.gz, http://dbpedia.org/ontology/Museum,5,0.1,
v1_64499281_8_7181683886563136802.tar.gz, http://dbpedia.org/ontology/Museum,3,0.1,
v1_64499281_8_7181683886563136802.tar.gz, http://dbpedia.org/ontology/Museum,1,0.01,
v1_57938705_0_8737506792349461963.tar.gz, http://dbpedia.org/ontology/VideoGame,10,0.1,
v1_57938705_0_8737506792349461963.tar.gz, http://dbpedia.org/ontology/VideoGame,5,0.1,
v1_57938705_0_8737506792349461963.tar.gz, http://dbpedia.org/ontology/VideoGame,3,0.1,
v1_57938705_0_8737506792349461963.tar.gz, http://dbpedia.org/ontology/VideoGame,1,0.01,
v1_21333456_2_1886495893795687264.tar.gz, http://dbpedia.org/ontology/Scientist,10,0.1,
v1_21333456_2_1886495893795687264.tar.gz, http://dbpedia.org/ontology/Scientist,5,0.1,
v1_21333456_2_1886495893795687264.tar.gz, http://dbpedia.org/ontology/Scientist,3,0.1,
v1_21333456_2_1886495893795687264.tar.gz, http://dbpedia.org/ontology/Scientist,1,0.1,
v1_68442591_0_8506821153001360777.tar.gz, http://dbpedia.org/ontology/Hospital,10,0.1,
v1_68442591_0_8506821153001360777.tar.gz, http://dbpedia.org/ontology/Hospital,5,0.1,
v1_68442591_0_8506821153001360777.tar.gz, http://dbpedia.org/ontology/Hospital,3,0.1,
v1_68442591_0_8506821153001360777.tar.gz, http://dbpedia.org/ontology/Hospital,1,0.05,
v1_45593932_0_6869375743660252130.tar.gz, http://dbpedia.org/ontology/Scientist,10,0.1,
v1_45593932_0_6869375743660252130.tar.gz, http://dbpedia.org/ontology/Scientist,5,0.1,
v1_45593932_0_6869375743660252130.tar.gz, http://dbpedia.org/ontology/Scientist,3,0.1,
v1_45593932_0_6869375743660252130.tar.gz, http://dbpedia.org/ontology/Scientist,1,0.1,
v1_92896255_0_4593968708343548527.tar.gz, http://dbpedia.org/ontology/Plant,10, no results,
v1_92896255_0_4593968708343548527.tar.gz, http://dbpedia.org/ontology/Plant,5, no results,
v1_92896255_0_4593968708343548527.tar.gz, http://dbpedia.org/ontology/Plant,3, no results,
v1_92896255_0_4593968708343548527.tar.gz, http://dbpedia.org/ontology/Plant,1, no results,
v1_22864497_0_8632623712684511496.tar.gz, http://dbpedia.org/ontology/VideoGame,10,0.1,
v1_22864497_0_8632623712684511496.tar.gz, http://dbpedia.org/ontology/VideoGame,5,0.1,
v1_22864497_0_8632623712684511496.tar.gz, http://dbpedia.org/ontology/VideoGame,3,0.1,
v1_22864497_0_8632623712684511496.tar.gz, http://dbpedia.org/ontology/VideoGame,1,0.01,
v1_39606331_0_1646213676302448706.tar.gz, http://dbpedia.org/ontology/PoliticalParty,10,0.1,
v1_39606331_0_1646213676302448706.tar.gz, http://dbpedia.org/ontology/PoliticalParty,5,0.1,
v1_39606331_0_1646213676302448706.tar.gz, http://dbpedia.org/ontology/PoliticalParty,3,0.1,
v1_39606331_0_1646213676302448706.tar.gz, http://dbpedia.org/ontology/PoliticalParty,1,0.05,
v1_28079336_2_2139598421036200532.tar.gz, http://dbpedia.org/ontology/Company,10,0.1,
v1_28079336_2_2139598421036200532.tar.gz, http://dbpedia.org/ontology/Company,5,0.1,
v1_28079336_2_2139598421036200532.tar.gz, http://dbpedia.org/ontology/Company,3,0.1,
v1_28079336_2_2139598421036200532.tar.gz, http://dbpedia.org/ontology/Company,1,0.1,
v1_32812626_0_5428724146873158593.tar.gz, http://dbpedia.org/ontology/Hospital,10,0.1,
v1_32812626_0_5428724146873158593.tar.gz, http://dbpedia.org/ontology/Hospital,5,0.1,
v1_32812626_0_5428724146873158593.tar.gz, http://dbpedia.org/ontology/Hospital,3,0.1,
v1_32812626_0_5428724146873158593.tar.gz, http://dbpedia.org/ontology/Hospital,1,0.05,
v1_90723763_0_874013697986950454.tar.gz, http://dbpedia.org/ontology/Company,10, alpha outside the scope,
v1_90723763_0_874013697986950454.tar.gz, http://dbpedia.org/ontology/Company,5, alpha outside the scope,
v1_90723763_0_874013697986950454.tar.gz, http://dbpedia.org/ontology/Company,3, alpha outside the scope,
v1_90723763_0_874013697986950454.tar.gz, http://dbpedia.org/ontology/Company,1, alpha outside the scope,
v1_37856682_0_6818907050314633217.tar.gz, http://dbpedia.org/ontology/AdministrativeRegion,10, alpha outside the scope,
v1_37856682_0_6818907050314633217.tar.gz, http://dbpedia.org/ontology/AdministrativeRegion,5, alpha outside the scope,
v1_37856682_0_6818907050314633217.tar.gz, http://dbpedia.org/ontology/AdministrativeRegion,3, alpha outside the scope,
v1_37856682_0_6818907050314633217.tar.gz, http://dbpedia.org/ontology/AdministrativeRegion,1, alpha outside the scope,
v1_28494901_6_7026744149694237309.tar.gz, http://dbpedia.org/ontology/Scientist,10,0.1,
v1_28494901_6_7026744149694237309.tar.gz, http://dbpedia.org/ontology/Scientist,5,0.1,
v1_28494901_6_7026744149694237309.tar.gz, http://dbpedia.org/ontology/Scientist,3,0.1,
v1_28494901_6_7026744149694237309.tar.gz, http://dbpedia.org/ontology/Scientist,1,0.1,
v1_3917335_0_7791699395300625164.tar.gz, http://dbpedia.org/ontology/Country,10,0.05,
v1_3917335_0_7791699395300625164.tar.gz, http://dbpedia.org/ontology/Country,5,0.05,
v1_3917335_0_7791699395300625164.tar.gz, http://dbpedia.org/ontology/Country,3,0.05,
v1_3917335_0_7791699395300625164.tar.gz, http://dbpedia.org/ontology/Country,1,0.01,
v1_24850757_0_5978004733768297283.tar.gz, http://dbpedia.org/ontology/Country,10,0.05,
v1_24850757_0_5978004733768297283.tar.gz, http://dbpedia.org/ontology/Country,5,0.05,
v1_24850757_0_5978004733768297283.tar.gz, http://dbpedia.org/ontology/Country,3,0.05,
v1_24850757_0_5978004733768297283.tar.gz, http://dbpedia.org/ontology/Country,1,0.01,
v1_44005578_0_5400481538370055338.tar.gz, http://dbpedia.org/ontology/PoliticalParty,10,0.1,
v1_44005578_0_5400481538370055338.tar.gz, http://dbpedia.org/ontology/PoliticalParty,5,0.1,
v1_44005578_0_5400481538370055338.tar.gz, http://dbpedia.org/ontology/PoliticalParty,3,0.1,
v1_44005578_0_5400481538370055338.tar.gz, http://dbpedia.org/ontology/PoliticalParty,1,0.05,
v1_28154036_0_909001972154294543.tar.gz, http://dbpedia.org/ontology/PoliticalParty,10, no results,
v1_28154036_0_909001972154294543.tar.gz, http://dbpedia.org/ontology/PoliticalParty,5, no results,
v1_28154036_0_909001972154294543.tar.gz, http://dbpedia.org/ontology/PoliticalParty,3, no results,
v1_28154036_0_909001972154294543.tar.gz, http://dbpedia.org/ontology/PoliticalParty,1, no results,
v1_4730513_0_8573199053866072336.tar.gz, http://dbpedia.org/ontology/Scientist,10,0.1,
v1_4730513_0_8573199053866072336.tar.gz, http://dbpedia.org/ontology/Scientist,5,0.1,
v1_4730513_0_8573199053866072336.tar.gz, http://dbpedia.org/ontology/Scientist,3,0.1,
v1_4730513_0_8573199053866072336.tar.gz, http://dbpedia.org/ontology/Scientist,1,0.1,
v1_21329809_0_5526008408364682899.tar.gz, http://dbpedia.org/ontology/City,10,0.012,
v1_21329809_0_5526008408364682899.tar.gz, http://dbpedia.org/ontology/City,5,0.012,
v1_21329809_0_5526008408364682899.tar.gz, http://dbpedia.org/ontology/City,3, alpha outside the scope,
v1_21329809_0_5526008408364682899.tar.gz, http://dbpedia.org/ontology/City,1, alpha outside the scope,
v1_49801939_0_6964113429298874283.tar.gz, http://dbpedia.org/ontology/Mountain,10,0.1,
v1_49801939_0_6964113429298874283.tar.gz, http://dbpedia.org/ontology/Mountain,5,0.1,
v1_49801939_0_6964113429298874283.tar.gz, http://dbpedia.org/ontology/Mountain,3,0.1,
v1_49801939_0_6964113429298874283.tar.gz, http://dbpedia.org/ontology/Mountain,1,0.1,
v1_98458255_0_5873264818593370400.tar.gz, http://dbpedia.org/ontology/AcademicJournal,10,0.1,
v1_98458255_0_5873264818593370400.tar.gz, http://dbpedia.org/ontology/AcademicJournal,5,0.1,
v1_98458255_0_5873264818593370400.tar.gz, http://dbpedia.org/ontology/AcademicJournal,3,0.1,
v1_98458255_0_5873264818593370400.tar.gz, http://dbpedia.org/ontology/AcademicJournal,1,0.01,
v1_9834884_0_3871985887467090123.tar.gz, http://dbpedia.org/ontology/Museum,10,0.1,
v1_9834884_0_3871985887467090123.tar.gz, http://dbpedia.org/ontology/Museum,5,0.1,
v1_9834884_0_3871985887467090123.tar.gz, http://dbpedia.org/ontology/Museum,3,0.1,
v1_9834884_0_3871985887467090123.tar.gz, http://dbpedia.org/ontology/Museum,1,0.05,
v1_34899692_0_6530393048033763438.tar.gz, http://dbpedia.org/ontology/Country,10,0.01,
v1_34899692_0_6530393048033763438.tar.gz, http://dbpedia.org/ontology/Country,5,0.01,
v1_34899692_0_6530393048033763438.tar.gz, http://dbpedia.org/ontology/Country,3,0.01,
v1_34899692_0_6530393048033763438.tar.gz, http://dbpedia.org/ontology/Country,1,0.01,
v1_49087820_0_461228320225084868.tar.gz, http://dbpedia.org/ontology/Country,10,0.01,
v1_49087820_0_461228320225084868.tar.gz, http://dbpedia.org/ontology/Country,5,0.01,
v1_49087820_0_461228320225084868.tar.gz, http://dbpedia.org/ontology/Country,3,0.01,
v1_49087820_0_461228320225084868.tar.gz, http://dbpedia.org/ontology/Country,1,0.01,
v1_6869358_0_1379459120563510331.tar.gz, http://dbpedia.org/ontology/Book,10,0.015,
v1_6869358_0_1379459120563510331.tar.gz, http://dbpedia.org/ontology/Book,5,0.015,
v1_6869358_0_1379459120563510331.tar.gz, http://dbpedia.org/ontology/Book,3,0.016,
v1_6869358_0_1379459120563510331.tar.gz, http://dbpedia.org/ontology/Book,1, alpha outside the scope,
v1_36039980_4_4283009829602711082.tar.gz, http://dbpedia.org/ontology/Mountain,10,0.1,
v1_36039980_4_4283009829602711082.tar.gz, http://dbpedia.org/ontology/Mountain,5,0.1,
v1_36039980_4_4283009829602711082.tar.gz, http://dbpedia.org/ontology/Mountain,3,0.1,
v1_36039980_4_4283009829602711082.tar.gz, http://dbpedia.org/ontology/Mountain,1,0.1,
v1_9206866_1_8114610355671172497.tar.gz, http://dbpedia.org/ontology/Country,10,0.05,
v1_9206866_1_8114610355671172497.tar.gz, http://dbpedia.org/ontology/Country,5,0.05,
v1_9206866_1_8114610355671172497.tar.gz, http://dbpedia.org/ontology/Country,3,0.05,
v1_9206866_1_8114610355671172497.tar.gz, http://dbpedia.org/ontology/Country,1,0.01,
v1_79966524_0_1484492112455633784.tar.gz, http://dbpedia.org/ontology/Animal,10, alpha outside the scope,
v1_79966524_0_1484492112455633784.tar.gz, http://dbpedia.org/ontology/Animal,5, alpha outside the scope,
v1_79966524_0_1484492112455633784.tar.gz, http://dbpedia.org/ontology/Animal,3, alpha outside the scope,
v1_79966524_0_1484492112455633784.tar.gz, http://dbpedia.org/ontology/Animal,1, alpha outside the scope,
v1_54112392_0_160015365721559357.tar.gz, http://dbpedia.org/ontology/Lake,10,0.1,
v1_54112392_0_160015365721559357.tar.gz, http://dbpedia.org/ontology/Lake,5,0.1,
v1_54112392_0_160015365721559357.tar.gz, http://dbpedia.org/ontology/Lake,3,0.1,
v1_54112392_0_160015365721559357.tar.gz, http://dbpedia.org/ontology/Lake,1,0.1,
v1_28036255_0_5705563063166785494.tar.gz, http://dbpedia.org/ontology/Mountain,10,0.1,
v1_28036255_0_5705563063166785494.tar.gz, http://dbpedia.org/ontology/Mountain,5,0.1,
v1_28036255_0_5705563063166785494.tar.gz, http://dbpedia.org/ontology/Mountain,3,0.1,
v1_28036255_0_5705563063166785494.tar.gz, http://dbpedia.org/ontology/Mountain,1,0.1,
v1_61069974_0_1894536874590565102.tar.gz, http://dbpedia.org/ontology/Country,10,0.05,
v1_61069974_0_1894536874590565102.tar.gz, http://dbpedia.org/ontology/Country,5,0.05,
v1_61069974_0_1894536874590565102.tar.gz, http://dbpedia.org/ontology/Country,3,0.01,
v1_61069974_0_1894536874590565102.tar.gz, http://dbpedia.org/ontology/Country,1,0.001,
v1_51130304_0_3035822254995425429.tar.gz, http://dbpedia.org/ontology/Monarch,10,0.01,
v1_51130304_0_3035822254995425429.tar.gz, http://dbpedia.org/ontology/Monarch,5,0.01,
v1_51130304_0_3035822254995425429.tar.gz, http://dbpedia.org/ontology/Monarch,3,0.01,
v1_51130304_0_3035822254995425429.tar.gz, http://dbpedia.org/ontology/Monarch,1,0.01,
v1_39173938_0_7916056990138658530.tar.gz, http://dbpedia.org/ontology/Film,10,0.1,
v1_39173938_0_7916056990138658530.tar.gz, http://dbpedia.org/ontology/Film,5,0.1,
v1_39173938_0_7916056990138658530.tar.gz, http://dbpedia.org/ontology/Film,3,0.1,
v1_39173938_0_7916056990138658530.tar.gz, http://dbpedia.org/ontology/Film,1,0.1,
v1_70883081_0_5357790421435123524.tar.gz, http://dbpedia.org/ontology/PoliticalParty,10,0.1,
v1_70883081_0_5357790421435123524.tar.gz, http://dbpedia.org/ontology/PoliticalParty,5,0.1,
v1_70883081_0_5357790421435123524.tar.gz, http://dbpedia.org/ontology/PoliticalParty,3,0.1,
v1_70883081_0_5357790421435123524.tar.gz, http://dbpedia.org/ontology/PoliticalParty,1,0.05,
v1_25933880_0_4058554985574416690.tar.gz, http://dbpedia.org/ontology/Wrestler,10,0.01,
v1_25933880_0_4058554985574416690.tar.gz, http://dbpedia.org/ontology/Wrestler,5,0.01,
v1_25933880_0_4058554985574416690.tar.gz, http://dbpedia.org/ontology/Wrestler,3,0.01,
v1_25933880_0_4058554985574416690.tar.gz, http://dbpedia.org/ontology/Wrestler,1,0.01,
v1_66329615_0_3585856495110277641.tar.gz, http://dbpedia.org/ontology/VideoGame,10,0.1,
v1_66329615_0_3585856495110277641.tar.gz, http://dbpedia.org/ontology/VideoGame,5,0.1,
v1_66329615_0_3585856495110277641.tar.gz, http://dbpedia.org/ontology/VideoGame,3,0.1,
v1_66329615_0_3585856495110277641.tar.gz, http://dbpedia.org/ontology/VideoGame,1,0.01,
v1_33242247_1_7232384061498591611.tar.gz, http://dbpedia.org/ontology/PoliticalParty,10, alpha outside the scope,
v1_33242247_1_7232384061498591611.tar.gz, http://dbpedia.org/ontology/PoliticalParty,5, alpha outside the scope,
v1_33242247_1_7232384061498591611.tar.gz, http://dbpedia.org/ontology/PoliticalParty,3, alpha outside the scope,
v1_33242247_1_7232384061498591611.tar.gz, http://dbpedia.org/ontology/PoliticalParty,1, alpha outside the scope,
v1_64092785_0_4696367782987533337.tar.gz, http://dbpedia.org/ontology/Company,10,0.1,
v1_64092785_0_4696367782987533337.tar.gz, http://dbpedia.org/ontology/Company,5,0.1,
v1_64092785_0_4696367782987533337.tar.gz, http://dbpedia.org/ontology/Company,3,0.1,
v1_64092785_0_4696367782987533337.tar.gz, http://dbpedia.org/ontology/Company,1,0.1,
v1_68779923_5_2067037721454758189.tar.gz, http://dbpedia.org/ontology/Country,10,0.1,
v1_68779923_5_2067037721454758189.tar.gz, http://dbpedia.org/ontology/Country,5,0.1,
v1_68779923_5_2067037721454758189.tar.gz, http://dbpedia.org/ontology/Country,3,0.05,
v1_68779923_5_2067037721454758189.tar.gz, http://dbpedia.org/ontology/Country,1,0.005,
v1_63389809_0_8179819543692215824.tar.gz, http://dbpedia.org/ontology/Company,10,0.1,
v1_63389809_0_8179819543692215824.tar.gz, http://dbpedia.org/ontology/Company,5,0.1,
v1_63389809_0_8179819543692215824.tar.gz, http://dbpedia.org/ontology/Company,3,0.1,
v1_63389809_0_8179819543692215824.tar.gz, http://dbpedia.org/ontology/Company,1,0.1,
v1_29857217_0_961038783966485949.tar.gz, http://dbpedia.org/ontology/Newspaper,10,0.1,
v1_29857217_0_961038783966485949.tar.gz, http://dbpedia.org/ontology/Newspaper,5,0.1,
v1_29857217_0_961038783966485949.tar.gz, http://dbpedia.org/ontology/Newspaper,3,0.1,
v1_29857217_0_961038783966485949.tar.gz, http://dbpedia.org/ontology/Newspaper,1,0.01,
v1_74491133_0_7177831100884797849.tar.gz, http://dbpedia.org/ontology/Country,10,0.05,
v1_74491133_0_7177831100884797849.tar.gz, http://dbpedia.org/ontology/Country,5,0.05,
v1_74491133_0_7177831100884797849.tar.gz, http://dbpedia.org/ontology/Country,3,0.05,
v1_74491133_0_7177831100884797849.tar.gz, http://dbpedia.org/ontology/Country,1,0.01,
v1_29414811_6_8221428333921653560.tar.gz, http://dbpedia.org/ontology/VideoGame,10,0.1,
v1_29414811_6_8221428333921653560.tar.gz, http://dbpedia.org/ontology/VideoGame,5,0.1,
v1_29414811_6_8221428333921653560.tar.gz, http://dbpedia.org/ontology/VideoGame,3,0.1,
v1_29414811_6_8221428333921653560.tar.gz, http://dbpedia.org/ontology/VideoGame,1,0.01,
v1_66009064_0_9148652238372261251.tar.gz, http://dbpedia.org/ontology/BaseballPlayer,10,0.1,
v1_66009064_0_9148652238372261251.tar.gz, http://dbpedia.org/ontology/BaseballPlayer,5,0.1,
v1_66009064_0_9148652238372261251.tar.gz, http://dbpedia.org/ontology/BaseballPlayer,3,0.1,
v1_66009064_0_9148652238372261251.tar.gz, http://dbpedia.org/ontology/BaseballPlayer,1,0.1,
v1_99070098_0_2074872741302696997.tar.gz, http://dbpedia.org/ontology/Mountain,10,0.1,
v1_99070098_0_2074872741302696997.tar.gz, http://dbpedia.org/ontology/Mountain,5,0.1,
v1_99070098_0_2074872741302696997.tar.gz, http://dbpedia.org/ontology/Mountain,3,0.1,
v1_99070098_0_2074872741302696997.tar.gz, http://dbpedia.org/ontology/Mountain,1,0.05,
v1_21245481_0_8730460088443117515.tar.gz, http://dbpedia.org/ontology/Lake,10,0.1,
v1_21245481_0_8730460088443117515.tar.gz, http://dbpedia.org/ontology/Lake,5,0.1,
v1_21245481_0_8730460088443117515.tar.gz, http://dbpedia.org/ontology/Lake,3,0.1,
v1_21245481_0_8730460088443117515.tar.gz, http://dbpedia.org/ontology/Lake,1,0.05,
v1_13357355_0_5384862281417742530.tar.gz, http://dbpedia.org/ontology/FictionalCharacter,10, no results,
v1_13357355_0_5384862281417742530.tar.gz, http://dbpedia.org/ontology/FictionalCharacter,5, no results,
v1_13357355_0_5384862281417742530.tar.gz, http://dbpedia.org/ontology/FictionalCharacter,3, no results,
v1_13357355_0_5384862281417742530.tar.gz, http://dbpedia.org/ontology/FictionalCharacter,1, no results,
v1_28079336_1_3124145965038277571.tar.gz, http://dbpedia.org/ontology/Company,10,0.1,
v1_28079336_1_3124145965038277571.tar.gz, http://dbpedia.org/ontology/Company,5,0.1,
v1_28079336_1_3124145965038277571.tar.gz, http://dbpedia.org/ontology/Company,3,0.1,
v1_28079336_1_3124145965038277571.tar.gz, http://dbpedia.org/ontology/Company,1,0.1,
v1_16949304_0_2573050770332101882.tar.gz, http://dbpedia.org/ontology/Hospital,10,0.1,
v1_16949304_0_2573050770332101882.tar.gz, http://dbpedia.org/ontology/Hospital,5,0.1,
v1_16949304_0_2573050770332101882.tar.gz, http://dbpedia.org/ontology/Hospital,3,0.1,
v1_16949304_0_2573050770332101882.tar.gz, http://dbpedia.org/ontology/Hospital,1,0.05,
v1_18422942_0_3659164506677528063.tar.gz, http://dbpedia.org/ontology/Work,10, no results,
v1_18422942_0_3659164506677528063.tar.gz, http://dbpedia.org/ontology/Work,5, no results,
v1_18422942_0_3659164506677528063.tar.gz, http://dbpedia.org/ontology/Work,3, no results,
v1_18422942_0_3659164506677528063.tar.gz, http://dbpedia.org/ontology/Work,1, no results,
v1_56224555_0_3713922722778385817.tar.gz, http://dbpedia.org/ontology/Company,10,0.1,
v1_56224555_0_3713922722778385817.tar.gz, http://dbpedia.org/ontology/Company,5,0.1,
v1_56224555_0_3713922722778385817.tar.gz, http://dbpedia.org/ontology/Company,3,0.1,
v1_56224555_0_3713922722778385817.tar.gz, http://dbpedia.org/ontology/Company,1,0.1,
v1_91959037_0_7907661684242014480.tar.gz, http://dbpedia.org/ontology/VideoGame,10,0.1,
v1_91959037_0_7907661684242014480.tar.gz, http://dbpedia.org/ontology/VideoGame,5,0.1,
v1_91959037_0_7907661684242014480.tar.gz, http://dbpedia.org/ontology/VideoGame,3,0.1,
v1_91959037_0_7907661684242014480.tar.gz, http://dbpedia.org/ontology/VideoGame,1,0.01,
v1_44206774_0_3810538885942465703.tar.gz, http://dbpedia.org/ontology/GolfPlayer,10,0.1,
v1_44206774_0_3810538885942465703.tar.gz, http://dbpedia.org/ontology/GolfPlayer,5,0.1,
v1_44206774_0_3810538885942465703.tar.gz, http://dbpedia.org/ontology/GolfPlayer,3,0.1,
v1_44206774_0_3810538885942465703.tar.gz, http://dbpedia.org/ontology/GolfPlayer,1,0.1,
v1_89511064_0_2199624509082573904.tar.gz, http://dbpedia.org/ontology/Country,10,0.05,
v1_89511064_0_2199624509082573904.tar.gz, http://dbpedia.org/ontology/Country,5,0.05,
v1_89511064_0_2199624509082573904.tar.gz, http://dbpedia.org/ontology/Country,3,0.05,
v1_89511064_0_2199624509082573904.tar.gz, http://dbpedia.org/ontology/Country,1,0.01,
v1_86747932_0_7532457067740920052.tar.gz, http://dbpedia.org/ontology/Airline,10,0.1,
v1_86747932_0_7532457067740920052.tar.gz, http://dbpedia.org/ontology/Airline,5,0.1,
v1_86747932_0_7532457067740920052.tar.gz, http://dbpedia.org/ontology/Airline,3,0.1,
v1_86747932_0_7532457067740920052.tar.gz, http://dbpedia.org/ontology/Airline,1,0.01,
v1_41194422_1_1172256090552737974.tar.gz, http://dbpedia.org/ontology/Country,10,0.05,
v1_41194422_1_1172256090552737974.tar.gz, http://dbpedia.org/ontology/Country,5,0.05,
v1_41194422_1_1172256090552737974.tar.gz, http://dbpedia.org/ontology/Country,3,0.05,
v1_41194422_1_1172256090552737974.tar.gz, http://dbpedia.org/ontology/Country,1,0.01,
v1_21362676_0_6854186738074119688.tar.gz, http://dbpedia.org/ontology/Film,10,0.014,
v1_21362676_0_6854186738074119688.tar.gz, http://dbpedia.org/ontology/Film,5,0.014,
v1_21362676_0_6854186738074119688.tar.gz, http://dbpedia.org/ontology/Film,3,0.015,
v1_21362676_0_6854186738074119688.tar.gz, http://dbpedia.org/ontology/Film,1,0.026,
v1_69381058_0_984708047398578866.tar.gz, http://dbpedia.org/ontology/Mountain,10,0.05,
v1_69381058_0_984708047398578866.tar.gz, http://dbpedia.org/ontology/Mountain,5,0.05,
v1_69381058_0_984708047398578866.tar.gz, http://dbpedia.org/ontology/Mountain,3,0.05,
v1_69381058_0_984708047398578866.tar.gz, http://dbpedia.org/ontology/Mountain,1,0.05,
v1_93702496_0_39013305210829591.tar.gz, http://dbpedia.org/ontology/Company,10,0.1,
v1_93702496_0_39013305210829591.tar.gz, http://dbpedia.org/ontology/Company,5,0.1,
v1_93702496_0_39013305210829591.tar.gz, http://dbpedia.org/ontology/Company,3,0.1,
v1_93702496_0_39013305210829591.tar.gz, http://dbpedia.org/ontology/Company,1,0.1,
v1_32460905_0_5195150472060854231.tar.gz, http://dbpedia.org/ontology/Hospital,10,0.1,
v1_32460905_0_5195150472060854231.tar.gz, http://dbpedia.org/ontology/Hospital,5,0.1,
v1_32460905_0_5195150472060854231.tar.gz, http://dbpedia.org/ontology/Hospital,3,0.1,
v1_32460905_0_5195150472060854231.tar.gz, http://dbpedia.org/ontology/Hospital,1,0.05,
v1_48944826_0_2321751364268052533.tar.gz, http://dbpedia.org/ontology/VideoGame,10,0.1,
v1_48944826_0_2321751364268052533.tar.gz, http://dbpedia.org/ontology/VideoGame,5,0.1,
v1_48944826_0_2321751364268052533.tar.gz, http://dbpedia.org/ontology/VideoGame,3,0.1,
v1_48944826_0_2321751364268052533.tar.gz, http://dbpedia.org/ontology/VideoGame,1,0.01,
v1_52572391_0_8684896999787304275.tar.gz, http://dbpedia.org/ontology/Company,10,0.1,
v1_52572391_0_8684896999787304275.tar.gz, http://dbpedia.org/ontology/Company,5,0.1,
v1_52572391_0_8684896999787304275.tar.gz, http://dbpedia.org/ontology/Company,3,0.1,
v1_52572391_0_8684896999787304275.tar.gz, http://dbpedia.org/ontology/Company,1,0.1,
v1_68779923_4_1832350971585698643.tar.gz, http://dbpedia.org/ontology/Country,10,0.05,
v1_68779923_4_1832350971585698643.tar.gz, http://dbpedia.org/ontology/Country,5,0.05,
v1_68779923_4_1832350971585698643.tar.gz, http://dbpedia.org/ontology/Country,3,0.01,
v1_68779923_4_1832350971585698643.tar.gz, http://dbpedia.org/ontology/Country,1,0.01,
v1_9475172_1_1023126399856690702.tar.gz, http://dbpedia.org/ontology/TelevisionShow,10,0.1,
v1_9475172_1_1023126399856690702.tar.gz, http://dbpedia.org/ontology/TelevisionShow,5,0.1,
v1_9475172_1_1023126399856690702.tar.gz, http://dbpedia.org/ontology/TelevisionShow,3,0.1,
v1_9475172_1_1023126399856690702.tar.gz, http://dbpedia.org/ontology/TelevisionShow,1,0.1,
v1_60319454_0_3938426910282115527.tar.gz, http://dbpedia.org/ontology/Animal,10, alpha outside the scope,
v1_60319454_0_3938426910282115527.tar.gz, http://dbpedia.org/ontology/Animal,5, alpha outside the scope,
v1_60319454_0_3938426910282115527.tar.gz, http://dbpedia.org/ontology/Animal,3, alpha outside the scope,
v1_60319454_0_3938426910282115527.tar.gz, http://dbpedia.org/ontology/Animal,1, alpha outside the scope,
v1_21801207_0_8144839668470123042.tar.gz, http://dbpedia.org/ontology/VideoGame,10,0.1,
v1_21801207_0_8144839668470123042.tar.gz, http://dbpedia.org/ontology/VideoGame,5,0.1,
v1_21801207_0_8144839668470123042.tar.gz, http://dbpedia.org/ontology/VideoGame,3,0.1,
v1_21801207_0_8144839668470123042.tar.gz, http://dbpedia.org/ontology/VideoGame,1,0.01,
v1_27466715_0_3913547177671701530.tar.gz, http://dbpedia.org/ontology/VideoGame,10,0.1,
v1_27466715_0_3913547177671701530.tar.gz, http://dbpedia.org/ontology/VideoGame,5,0.1,
v1_27466715_0_3913547177671701530.tar.gz, http://dbpedia.org/ontology/VideoGame,3,0.1,
v1_27466715_0_3913547177671701530.tar.gz, http://dbpedia.org/ontology/VideoGame,1,0.01,
v1_26270372_1_3774607938887520564.tar.gz, http://dbpedia.org/ontology/Monarch,10,0.1,
v1_26270372_1_3774607938887520564.tar.gz, http://dbpedia.org/ontology/Monarch,5,0.1,
v1_26270372_1_3774607938887520564.tar.gz, http://dbpedia.org/ontology/Monarch,3,0.1,
v1_26270372_1_3774607938887520564.tar.gz, http://dbpedia.org/ontology/Monarch,1,0.01,
v1_43469354_0_6029017163991310319.tar.gz, http://dbpedia.org/ontology/City,10,0.011,
v1_43469354_0_6029017163991310319.tar.gz, http://dbpedia.org/ontology/City,5,0.011,
v1_43469354_0_6029017163991310319.tar.gz, http://dbpedia.org/ontology/City,3, alpha outside the scope,
v1_43469354_0_6029017163991310319.tar.gz, http://dbpedia.org/ontology/City,1, alpha outside the scope,
v1_88353875_0_4876234304797064286.tar.gz, http://dbpedia.org/ontology/Mountain,10,0.1,
v1_88353875_0_4876234304797064286.tar.gz, http://dbpedia.org/ontology/Mountain,5,0.1,
v1_88353875_0_4876234304797064286.tar.gz, http://dbpedia.org/ontology/Mountain,3,0.1,
v1_88353875_0_4876234304797064286.tar.gz, http://dbpedia.org/ontology/Mountain,1,0.05,
v1_78650283_0_5937576517849452289.tar.gz, http://dbpedia.org/ontology/Country,10,0.05,
v1_78650283_0_5937576517849452289.tar.gz, http://dbpedia.org/ontology/Country,5,0.05,
v1_78650283_0_5937576517849452289.tar.gz, http://dbpedia.org/ontology/Country,3,0.01,
v1_78650283_0_5937576517849452289.tar.gz, http://dbpedia.org/ontology/Country,1,0.01,
v1_50270082_0_444360818941411589.tar.gz, http://dbpedia.org/ontology/BaseballPlayer,10,0.1,
v1_50270082_0_444360818941411589.tar.gz, http://dbpedia.org/ontology/BaseballPlayer,5,0.1,
v1_50270082_0_444360818941411589.tar.gz, http://dbpedia.org/ontology/BaseballPlayer,3,0.1,
v1_50270082_0_444360818941411589.tar.gz, http://dbpedia.org/ontology/BaseballPlayer,1,0.1,
v1_70404164_0_5498195978476333642.tar.gz, http://dbpedia.org/ontology/City,10,0.012,
v1_70404164_0_5498195978476333642.tar.gz, http://dbpedia.org/ontology/City,5,0.012,
v1_70404164_0_5498195978476333642.tar.gz, http://dbpedia.org/ontology/City,3,0.02,
v1_70404164_0_5498195978476333642.tar.gz, http://dbpedia.org/ontology/City,1, alpha outside the scope,
v1_69881946_0_1105130426898457358.tar.gz, http://dbpedia.org/ontology/Film,10,0.1,
v1_69881946_0_1105130426898457358.tar.gz, http://dbpedia.org/ontology/Film,5,0.1,
v1_69881946_0_1105130426898457358.tar.gz, http://dbpedia.org/ontology/Film,3,0.1,
v1_69881946_0_1105130426898457358.tar.gz, http://dbpedia.org/ontology/Film,1,0.1,
v1_53822652_0_5767892317858575530.tar.gz, http://dbpedia.org/ontology/Film,10, no results,
v1_53822652_0_5767892317858575530.tar.gz, http://dbpedia.org/ontology/Film,5, no results,
v1_53822652_0_5767892317858575530.tar.gz, http://dbpedia.org/ontology/Film,3, no results,
v1_53822652_0_5767892317858575530.tar.gz, http://dbpedia.org/ontology/Film,1, no results,
v1_55004961_0_2904467548072189860.tar.gz, http://dbpedia.org/ontology/Country,10,0.1,
v1_55004961_0_2904467548072189860.tar.gz, http://dbpedia.org/ontology/Country,5,0.1,
v1_55004961_0_2904467548072189860.tar.gz, http://dbpedia.org/ontology/Country,3,0.05,
v1_55004961_0_2904467548072189860.tar.gz, http://dbpedia.org/ontology/Country,1,0.01,
v1_21585935_0_294037497010176843.tar.gz, http://dbpedia.org/ontology/Airport,10,0.1,
v1_21585935_0_294037497010176843.tar.gz, http://dbpedia.org/ontology/Airport,5,0.1,
v1_21585935_0_294037497010176843.tar.gz, http://dbpedia.org/ontology/Airport,3,0.1,
v1_21585935_0_294037497010176843.tar.gz, http://dbpedia.org/ontology/Airport,1,0.1,
v1_10579449_0_1681126353774891032.tar.gz, http://dbpedia.org/ontology/Newspaper,10,0.1,
v1_10579449_0_1681126353774891032.tar.gz, http://dbpedia.org/ontology/Newspaper,5,0.1,
v1_10579449_0_1681126353774891032.tar.gz, http://dbpedia.org/ontology/Newspaper,3,0.1,
v1_10579449_0_1681126353774891032.tar.gz, http://dbpedia.org/ontology/Newspaper,1,0.01,
v1_1146722_1_7558140036342906956.tar.gz, http://dbpedia.org/ontology/Mountain,10,0.1,
v1_1146722_1_7558140036342906956.tar.gz, http://dbpedia.org/ontology/Mountain,5,0.1,
v1_1146722_1_7558140036342906956.tar.gz, http://dbpedia.org/ontology/Mountain,3,0.1,
v1_1146722_1_7558140036342906956.tar.gz, http://dbpedia.org/ontology/Mountain,1,0.05,
v1_68779923_1_3240042497463101224.tar.gz, http://dbpedia.org/ontology/Country,10,0.01,
v1_68779923_1_3240042497463101224.tar.gz, http://dbpedia.org/ontology/Country,5,0.01,
v1_68779923_1_3240042497463101224.tar.gz, http://dbpedia.org/ontology/Country,3,0.01,
v1_68779923_1_3240042497463101224.tar.gz, http://dbpedia.org/ontology/Country,1,0.01,
v1_62564020_0_3836030043284699244.tar.gz, http://dbpedia.org/ontology/Animal,10, alpha outside the scope,
v1_62564020_0_3836030043284699244.tar.gz, http://dbpedia.org/ontology/Animal,5, alpha outside the scope,
v1_62564020_0_3836030043284699244.tar.gz, http://dbpedia.org/ontology/Animal,3, alpha outside the scope,
v1_62564020_0_3836030043284699244.tar.gz, http://dbpedia.org/ontology/Animal,1, alpha outside the scope,
v1_90325533_0_6668263142989366843.tar.gz, http://dbpedia.org/ontology/Hospital,10,0.1,
v1_90325533_0_6668263142989366843.tar.gz, http://dbpedia.org/ontology/Hospital,5,0.1,
v1_90325533_0_6668263142989366843.tar.gz, http://dbpedia.org/ontology/Hospital,3,0.1,
v1_90325533_0_6668263142989366843.tar.gz, http://dbpedia.org/ontology/Hospital,1,0.05,
v1_98929678_0_3700213490979945526.tar.gz, http://dbpedia.org/ontology/Lake,10,0.1,
v1_98929678_0_3700213490979945526.tar.gz, http://dbpedia.org/ontology/Lake,5,0.1,
v1_98929678_0_3700213490979945526.tar.gz, http://dbpedia.org/ontology/Lake,3,0.1,
v1_98929678_0_3700213490979945526.tar.gz, http://dbpedia.org/ontology/Lake,1,0.01,
v1_29021592_3_2299138476894681059.tar.gz, http://dbpedia.org/ontology/Monarch,10,0.01,
v1_29021592_3_2299138476894681059.tar.gz, http://dbpedia.org/ontology/Monarch,5,0.01,
v1_29021592_3_2299138476894681059.tar.gz, http://dbpedia.org/ontology/Monarch,3,0.01,
v1_29021592_3_2299138476894681059.tar.gz, http://dbpedia.org/ontology/Monarch,1,0.01,
v1_75367212_2_2745466355267233390.tar.gz, http://dbpedia.org/ontology/VideoGame,10,0.1,
v1_75367212_2_2745466355267233390.tar.gz, http://dbpedia.org/ontology/VideoGame,5,0.1,
v1_75367212_2_2745466355267233390.tar.gz, http://dbpedia.org/ontology/VideoGame,3,0.1,
v1_75367212_2_2745466355267233390.tar.gz, http://dbpedia.org/ontology/VideoGame,1,0.01,
v1_11278409_0_3742771475298785475.tar.gz, http://dbpedia.org/ontology/Company,10,0.07,
v1_11278409_0_3742771475298785475.tar.gz, http://dbpedia.org/ontology/Company,5,0.07,
v1_11278409_0_3742771475298785475.tar.gz, http://dbpedia.org/ontology/Company,3, alpha outside the scope,
v1_11278409_0_3742771475298785475.tar.gz, http://dbpedia.org/ontology/Company,1, alpha outside the scope,
v1_22987653_0_7774852112768859306.tar.gz, http://dbpedia.org/ontology/Scientist,10,0.1,
v1_22987653_0_7774852112768859306.tar.gz, http://dbpedia.org/ontology/Scientist,5,0.1,
v1_22987653_0_7774852112768859306.tar.gz, http://dbpedia.org/ontology/Scientist,3,0.1,
v1_22987653_0_7774852112768859306.tar.gz, http://dbpedia.org/ontology/Scientist,1,0.1,
v1_72017594_0_7055198579167316152.tar.gz, http://dbpedia.org/ontology/Museum,10,0.1,
v1_72017594_0_7055198579167316152.tar.gz, http://dbpedia.org/ontology/Museum,5,0.1,
v1_72017594_0_7055198579167316152.tar.gz, http://dbpedia.org/ontology/Museum,3,0.1,
v1_72017594_0_7055198579167316152.tar.gz, http://dbpedia.org/ontology/Museum,1,0.01,
v1_76836443_2_249332777049648171.tar.gz, http://dbpedia.org/ontology/Scientist,10,0.1,
v1_76836443_2_249332777049648171.tar.gz, http://dbpedia.org/ontology/Scientist,5,0.1,
v1_76836443_2_249332777049648171.tar.gz, http://dbpedia.org/ontology/Scientist,3,0.1,
v1_76836443_2_249332777049648171.tar.gz, http://dbpedia.org/ontology/Scientist,1,0.1,
v1_30645756_0_2413317245475669227.tar.gz, http://dbpedia.org/ontology/PoliticalParty,10,0.1,
v1_30645756_0_2413317245475669227.tar.gz, http://dbpedia.org/ontology/PoliticalParty,5,0.1,
v1_30645756_0_2413317245475669227.tar.gz, http://dbpedia.org/ontology/PoliticalParty,3,0.1,
v1_30645756_0_2413317245475669227.tar.gz, http://dbpedia.org/ontology/PoliticalParty,1,0.1,
v1_55027702_0_628532586316851176.tar.gz, http://dbpedia.org/ontology/Lake,10,0.1,
v1_55027702_0_628532586316851176.tar.gz, http://dbpedia.org/ontology/Lake,5,0.1,
v1_55027702_0_628532586316851176.tar.gz, http://dbpedia.org/ontology/Lake,3,0.1,
v1_55027702_0_628532586316851176.tar.gz, http://dbpedia.org/ontology/Lake,1,0.05,
v1_61753761_9_4735181228515289890.tar.gz, http://dbpedia.org/ontology/Museum,10,0.1,
v1_61753761_9_4735181228515289890.tar.gz, http://dbpedia.org/ontology/Museum,5,0.1,
v1_61753761_9_4735181228515289890.tar.gz, http://dbpedia.org/ontology/Museum,3,0.1,
v1_61753761_9_4735181228515289890.tar.gz, http://dbpedia.org/ontology/Museum,1,0.01,
v1_46671561_0_6122315295162029872.tar.gz, http://dbpedia.org/ontology/VideoGame,10,0.1,
v1_46671561_0_6122315295162029872.tar.gz, http://dbpedia.org/ontology/VideoGame,5,0.1,
v1_46671561_0_6122315295162029872.tar.gz, http://dbpedia.org/ontology/VideoGame,3,0.1,
v1_46671561_0_6122315295162029872.tar.gz, http://dbpedia.org/ontology/VideoGame,1,0.01,
v1_43237185_1_3636357855502246981.tar.gz, http://dbpedia.org/ontology/Scientist,10,0.1,
v1_43237185_1_3636357855502246981.tar.gz, http://dbpedia.org/ontology/Scientist,5,0.1,
v1_43237185_1_3636357855502246981.tar.gz, http://dbpedia.org/ontology/Scientist,3,0.1,
v1_43237185_1_3636357855502246981.tar.gz, http://dbpedia.org/ontology/Scientist,1,0.1,
v1_61626303_0_266372209664087642.tar.gz, http://dbpedia.org/ontology/RadioStation,10,0.1,
v1_61626303_0_266372209664087642.tar.gz, http://dbpedia.org/ontology/RadioStation,5,0.1,
v1_61626303_0_266372209664087642.tar.gz, http://dbpedia.org/ontology/RadioStation,3,0.1,
v1_61626303_0_266372209664087642.tar.gz, http://dbpedia.org/ontology/RadioStation,1,0.01,
v1_30166286_0_1837439231599898748.tar.gz, http://dbpedia.org/ontology/Scientist,10, no results,
v1_30166286_0_1837439231599898748.tar.gz, http://dbpedia.org/ontology/Scientist,5, no results,
v1_30166286_0_1837439231599898748.tar.gz, http://dbpedia.org/ontology/Scientist,3, no results,
v1_30166286_0_1837439231599898748.tar.gz, http://dbpedia.org/ontology/Scientist,1, no results,
v1_36102169_0_7739454799295072814.tar.gz, http://dbpedia.org/ontology/VideoGame,10,0.1,
v1_36102169_0_7739454799295072814.tar.gz, http://dbpedia.org/ontology/VideoGame,5,0.1,
v1_36102169_0_7739454799295072814.tar.gz, http://dbpedia.org/ontology/VideoGame,3,0.1,
v1_36102169_0_7739454799295072814.tar.gz, http://dbpedia.org/ontology/VideoGame,1,0.01,
v1_19073331_0_2742992342272078110.tar.gz, http://dbpedia.org/ontology/PoliticalParty,10,0.1,
v1_19073331_0_2742992342272078110.tar.gz, http://dbpedia.org/ontology/PoliticalParty,5,0.1,
v1_19073331_0_2742992342272078110.tar.gz, http://dbpedia.org/ontology/PoliticalParty,3,0.1,
v1_19073331_0_2742992342272078110.tar.gz, http://dbpedia.org/ontology/PoliticalParty,1,0.1,
v1_13395751_3_369722706637560735.tar.gz, http://dbpedia.org/ontology/Lake,10,0.1,
v1_13395751_3_369722706637560735.tar.gz, http://dbpedia.org/ontology/Lake,5,0.1,
v1_13395751_3_369722706637560735.tar.gz, http://dbpedia.org/ontology/Lake,3,0.1,
v1_13395751_3_369722706637560735.tar.gz, http://dbpedia.org/ontology/Lake,1,0.05,
v1_45533669_1_7463037039059239824.tar.gz, http://dbpedia.org/ontology/RadioStation,10,0.1,
v1_45533669_1_7463037039059239824.tar.gz, http://dbpedia.org/ontology/RadioStation,5,0.1,
v1_45533669_1_7463037039059239824.tar.gz, http://dbpedia.org/ontology/RadioStation,3,0.1,
v1_45533669_1_7463037039059239824.tar.gz, http://dbpedia.org/ontology/RadioStation,1,0.01,
v1_80588006_0_6965325215443683359.tar.gz, http://dbpedia.org/ontology/Newspaper,10,0.1,
v1_80588006_0_6965325215443683359.tar.gz, http://dbpedia.org/ontology/Newspaper,5,0.1,
v1_80588006_0_6965325215443683359.tar.gz, http://dbpedia.org/ontology/Newspaper,3,0.1,
v1_80588006_0_6965325215443683359.tar.gz, http://dbpedia.org/ontology/Newspaper,1,0.01,
v1_52299421_0_4473286348258170200.tar.gz, http://dbpedia.org/ontology/Country,10,0.01,
v1_52299421_0_4473286348258170200.tar.gz, http://dbpedia.org/ontology/Country,5,0.01,
v1_52299421_0_4473286348258170200.tar.gz, http://dbpedia.org/ontology/Country,3,0.01,
v1_52299421_0_4473286348258170200.tar.gz, http://dbpedia.org/ontology/Country,1,0.01,
v1_5972322_0_3150366936082777235.tar.gz, http://dbpedia.org/ontology/PoliticalParty,10,0.1,
v1_5972322_0_3150366936082777235.tar.gz, http://dbpedia.org/ontology/PoliticalParty,5,0.1,
v1_5972322_0_3150366936082777235.tar.gz, http://dbpedia.org/ontology/PoliticalParty,3,0.1,
v1_5972322_0_3150366936082777235.tar.gz, http://dbpedia.org/ontology/PoliticalParty,1,0.05,
v1_80184932_0_4240003884724905487.tar.gz, http://dbpedia.org/ontology/Company,10, alpha outside the scope,
v1_80184932_0_4240003884724905487.tar.gz, http://dbpedia.org/ontology/Company,5, alpha outside the scope,
v1_80184932_0_4240003884724905487.tar.gz, http://dbpedia.org/ontology/Company,3, alpha outside the scope,
v1_80184932_0_4240003884724905487.tar.gz, http://dbpedia.org/ontology/Company,1, alpha outside the scope,
v1_58891288_0_1117541047012405958.tar.gz, http://dbpedia.org/ontology/Film,10,0.1,
v1_58891288_0_1117541047012405958.tar.gz, http://dbpedia.org/ontology/Film,5,0.1,
v1_58891288_0_1117541047012405958.tar.gz, http://dbpedia.org/ontology/Film,3,0.1,
v1_58891288_0_1117541047012405958.tar.gz, http://dbpedia.org/ontology/Film,1,0.05,
v1_10151359_0_8168779773862259178.tar.gz, http://dbpedia.org/ontology/Book,10, alpha outside the scope,
v1_10151359_0_8168779773862259178.tar.gz, http://dbpedia.org/ontology/Book,5, alpha outside the scope,
v1_10151359_0_8168779773862259178.tar.gz, http://dbpedia.org/ontology/Book,3, alpha outside the scope,
v1_10151359_0_8168779773862259178.tar.gz, http://dbpedia.org/ontology/Book,1, alpha outside the scope,
v1_24036779_0_5608105867560183058.tar.gz, http://dbpedia.org/ontology/Country,10,0.01,
v1_24036779_0_5608105867560183058.tar.gz, http://dbpedia.org/ontology/Country,5,0.01,
v1_24036779_0_5608105867560183058.tar.gz, http://dbpedia.org/ontology/Country,3,0.01,
v1_24036779_0_5608105867560183058.tar.gz, http://dbpedia.org/ontology/Country,1,0.01,
v1_42764224_0_515744189130384109.tar.gz, http://dbpedia.org/ontology/PoliticalParty,10,0.1,
v1_42764224_0_515744189130384109.tar.gz, http://dbpedia.org/ontology/PoliticalParty,5,0.1,
v1_42764224_0_515744189130384109.tar.gz, http://dbpedia.org/ontology/PoliticalParty,3,0.1,
v1_42764224_0_515744189130384109.tar.gz, http://dbpedia.org/ontology/PoliticalParty,1,0.05,
v1_50245608_0_871275842592178099.tar.gz, http://dbpedia.org/ontology/Film,10,0.02,
v1_50245608_0_871275842592178099.tar.gz, http://dbpedia.org/ontology/Film,5,0.02,
v1_50245608_0_871275842592178099.tar.gz, http://dbpedia.org/ontology/Film,3,0.023,
v1_50245608_0_871275842592178099.tar.gz, http://dbpedia.org/ontology/Film,1, alpha outside the scope,
v1_73242003_5_4847571983313033360.tar.gz, http://dbpedia.org/ontology/VideoGame,10,0.1,
v1_73242003_5_4847571983313033360.tar.gz, http://dbpedia.org/ontology/VideoGame,5,0.1,
v1_73242003_5_4847571983313033360.tar.gz, http://dbpedia.org/ontology/VideoGame,3,0.1,
v1_73242003_5_4847571983313033360.tar.gz, http://dbpedia.org/ontology/VideoGame,1,0.01,
v1_84575189_0_6365692015941409487.tar.gz, http://dbpedia.org/ontology/AcademicJournal,10, no results,
v1_84575189_0_6365692015941409487.tar.gz, http://dbpedia.org/ontology/AcademicJournal,5, no results,
v1_84575189_0_6365692015941409487.tar.gz, http://dbpedia.org/ontology/AcademicJournal,3, no results,
v1_84575189_0_6365692015941409487.tar.gz, http://dbpedia.org/ontology/AcademicJournal,1, no results,
v1_69537082_0_7789694313271016902.tar.gz, http://dbpedia.org/ontology/Country,10,0.05,
v1_69537082_0_7789694313271016902.tar.gz, http://dbpedia.org/ontology/Country,5,0.05,
v1_69537082_0_7789694313271016902.tar.gz, http://dbpedia.org/ontology/Country,3,0.05,
v1_69537082_0_7789694313271016902.tar.gz, http://dbpedia.org/ontology/Country,1,0.01,
v1_3389822_6_374624044314151266.tar.gz, http://dbpedia.org/ontology/Mountain,10,0.1,
v1_3389822_6_374624044314151266.tar.gz, http://dbpedia.org/ontology/Mountain,5,0.1,
v1_3389822_6_374624044314151266.tar.gz, http://dbpedia.org/ontology/Mountain,3,0.1,
v1_3389822_6_374624044314151266.tar.gz, http://dbpedia.org/ontology/Mountain,1,0.1,
v1_11599512_1_280388135214354946.tar.gz, http://dbpedia.org/ontology/Country,10,0.05,
v1_11599512_1_280388135214354946.tar.gz, http://dbpedia.org/ontology/Country,5,0.05,
v1_11599512_1_280388135214354946.tar.gz, http://dbpedia.org/ontology/Country,3,0.05,
v1_11599512_1_280388135214354946.tar.gz, http://dbpedia.org/ontology/Country,1,0.01,
v1_46646666_0_5802598112171303204.tar.gz, http://dbpedia.org/ontology/RadioStation,10, alpha outside the scope,
v1_46646666_0_5802598112171303204.tar.gz, http://dbpedia.org/ontology/RadioStation,5, alpha outside the scope,
v1_46646666_0_5802598112171303204.tar.gz, http://dbpedia.org/ontology/RadioStation,3, alpha outside the scope,
v1_46646666_0_5802598112171303204.tar.gz, http://dbpedia.org/ontology/RadioStation,1, alpha outside the scope,
v1_84675086_0_6386416780680710863.tar.gz, http://dbpedia.org/ontology/Bird,10,0.1,
v1_84675086_0_6386416780680710863.tar.gz, http://dbpedia.org/ontology/Bird,5,0.1,
v1_84675086_0_6386416780680710863.tar.gz, http://dbpedia.org/ontology/Bird,3,0.1,
v1_84675086_0_6386416780680710863.tar.gz, http://dbpedia.org/ontology/Bird,1,0.1,
v1_15700884_0_8204220284166767221.tar.gz, http://dbpedia.org/ontology/Company,10,0.1,
v1_15700884_0_8204220284166767221.tar.gz, http://dbpedia.org/ontology/Company,5,0.1,
v1_15700884_0_8204220284166767221.tar.gz, http://dbpedia.org/ontology/Company,3,0.1,
v1_15700884_0_8204220284166767221.tar.gz, http://dbpedia.org/ontology/Company,1,0.1,
v1_93078729_0_1451251196788678526.tar.gz, http://dbpedia.org/ontology/Lake,10,0.1,
v1_93078729_0_1451251196788678526.tar.gz, http://dbpedia.org/ontology/Lake,5,0.1,
v1_93078729_0_1451251196788678526.tar.gz, http://dbpedia.org/ontology/Lake,3,0.1,
v1_93078729_0_1451251196788678526.tar.gz, http://dbpedia.org/ontology/Lake,1,0.01,
v1_12746760_0_6703465836620308483.tar.gz, http://dbpedia.org/ontology/PoliticalParty,10,0.1,
v1_12746760_0_6703465836620308483.tar.gz, http://dbpedia.org/ontology/PoliticalParty,5,0.1,
v1_12746760_0_6703465836620308483.tar.gz, http://dbpedia.org/ontology/PoliticalParty,3,0.1,
v1_12746760_0_6703465836620308483.tar.gz, http://dbpedia.org/ontology/PoliticalParty,1,0.05,
v1_7929299_0_3253718003116029649.tar.gz, http://dbpedia.org/ontology/Airport,10,0.1,
v1_7929299_0_3253718003116029649.tar.gz, http://dbpedia.org/ontology/Airport,5,0.1,
v1_7929299_0_3253718003116029649.tar.gz, http://dbpedia.org/ontology/Airport,3,0.1,
v1_7929299_0_3253718003116029649.tar.gz, http://dbpedia.org/ontology/Airport,1,0.1,
v1_33167985_0_5220049369716352813.tar.gz, http://dbpedia.org/ontology/Animal,10, alpha outside the scope,
v1_33167985_0_5220049369716352813.tar.gz, http://dbpedia.org/ontology/Animal,5, alpha outside the scope,
v1_33167985_0_5220049369716352813.tar.gz, http://dbpedia.org/ontology/Animal,3, alpha outside the scope,
v1_33167985_0_5220049369716352813.tar.gz, http://dbpedia.org/ontology/Animal,1, alpha outside the scope,
v1_97941125_0_8220652154649529701.tar.gz, http://dbpedia.org/ontology/Country,10,0.1,
v1_97941125_0_8220652154649529701.tar.gz, http://dbpedia.org/ontology/Country,5,0.1,
v1_97941125_0_8220652154649529701.tar.gz, http://dbpedia.org/ontology/Country,3,0.1,
v1_97941125_0_8220652154649529701.tar.gz, http://dbpedia.org/ontology/Country,1,0.01,
v1_8468806_0_4382447409703007384.tar.gz, http://dbpedia.org/ontology/Lake,10,0.1,
v1_8468806_0_4382447409703007384.tar.gz, http://dbpedia.org/ontology/Lake,5,0.1,
v1_8468806_0_4382447409703007384.tar.gz, http://dbpedia.org/ontology/Lake,3,0.1,
v1_8468806_0_4382447409703007384.tar.gz, http://dbpedia.org/ontology/Lake,1,0.05,
v1_49772588_0_6549847739640234347.tar.gz, http://dbpedia.org/ontology/Country,10,0.05,
v1_49772588_0_6549847739640234347.tar.gz, http://dbpedia.org/ontology/Country,5,0.05,
v1_49772588_0_6549847739640234347.tar.gz, http://dbpedia.org/ontology/Country,3,0.01,
v1_49772588_0_6549847739640234347.tar.gz, http://dbpedia.org/ontology/Country,1,0.01,
v1_14067031_0_559833072073397908.tar.gz, http://dbpedia.org/ontology/Country,10,0.05,
v1_14067031_0_559833072073397908.tar.gz, http://dbpedia.org/ontology/Country,5,0.05,
v1_14067031_0_559833072073397908.tar.gz, http://dbpedia.org/ontology/Country,3,0.05,
v1_14067031_0_559833072073397908.tar.gz, http://dbpedia.org/ontology/Country,1,0.01,
v1_48805028_0_8933391169600128370.tar.gz, http://dbpedia.org/ontology/Bird,10,0.1,
v1_48805028_0_8933391169600128370.tar.gz, http://dbpedia.org/ontology/Bird,5,0.1,
v1_48805028_0_8933391169600128370.tar.gz, http://dbpedia.org/ontology/Bird,3,0.1,
v1_48805028_0_8933391169600128370.tar.gz, http://dbpedia.org/ontology/Bird,1,0.01,
v1_41336118_0_4331895026409635103.tar.gz, http://dbpedia.org/ontology/Company,10,0.1,
v1_41336118_0_4331895026409635103.tar.gz, http://dbpedia.org/ontology/Company,5,0.1,
v1_41336118_0_4331895026409635103.tar.gz, http://dbpedia.org/ontology/Company,3,0.1,
v1_41336118_0_4331895026409635103.tar.gz, http://dbpedia.org/ontology/Company,1,0.1,
v1_68779923_0_3859283110041832023.tar.gz, http://dbpedia.org/ontology/Country,10,0.1,
v1_68779923_0_3859283110041832023.tar.gz, http://dbpedia.org/ontology/Country,5,0.1,
v1_68779923_0_3859283110041832023.tar.gz, http://dbpedia.org/ontology/Country,3,0.05,
v1_68779923_0_3859283110041832023.tar.gz, http://dbpedia.org/ontology/Country,1,0.05,
v1_28993628_1_6072768612274729703.tar.gz, http://dbpedia.org/ontology/Mountain,10,0.007,
v1_28993628_1_6072768612274729703.tar.gz, http://dbpedia.org/ontology/Mountain,5,0.007,
v1_28993628_1_6072768612274729703.tar.gz, http://dbpedia.org/ontology/Mountain,3,0.012,
v1_28993628_1_6072768612274729703.tar.gz, http://dbpedia.org/ontology/Mountain,1, alpha outside the scope,
v1_91474256_0_964747655387573523.tar.gz, http://dbpedia.org/ontology/City,10,0.01,
v1_91474256_0_964747655387573523.tar.gz, http://dbpedia.org/ontology/City,5,0.01,
v1_91474256_0_964747655387573523.tar.gz, http://dbpedia.org/ontology/City,3,0.01,
v1_91474256_0_964747655387573523.tar.gz, http://dbpedia.org/ontology/City,1, alpha outside the scope,
v1_78891639_0_3299957631631122948.tar.gz, http://dbpedia.org/ontology/City,10,0.011,
v1_78891639_0_3299957631631122948.tar.gz, http://dbpedia.org/ontology/City,5,0.011,
v1_78891639_0_3299957631631122948.tar.gz, http://dbpedia.org/ontology/City,3,0.015,
v1_78891639_0_3299957631631122948.tar.gz, http://dbpedia.org/ontology/City,1, alpha outside the scope,
v1_48456557_0_3760853481322708783.tar.gz, http://dbpedia.org/ontology/Animal,10,0.152,updated
v1_48456557_0_3760853481322708783.tar.gz, http://dbpedia.org/ontology/Animal,5,0.152,updated
v1_48456557_0_3760853481322708783.tar.gz, http://dbpedia.org/ontology/Animal,3,0.366,updated
v1_48456557_0_3760853481322708783.tar.gz, http://dbpedia.org/ontology/Animal,1, alpha outside the scope,
v1_90196673_0_5458330029110291950.tar.gz, http://dbpedia.org/ontology/Animal,10,0.2,updated
v1_90196673_0_5458330029110291950.tar.gz, http://dbpedia.org/ontology/Animal,5,0.2,updated
v1_90196673_0_5458330029110291950.tar.gz, http://dbpedia.org/ontology/Animal,3,0.2,updated
v1_90196673_0_5458330029110291950.tar.gz, http://dbpedia.org/ontology/Animal,1,0.2,updated
v1_29886325_0_1448173912684571475.tar.gz, http://dbpedia.org/ontology/City,10,0.011,
v1_29886325_0_1448173912684571475.tar.gz, http://dbpedia.org/ontology/City,5,0.011,
v1_29886325_0_1448173912684571475.tar.gz, http://dbpedia.org/ontology/City,3,0.014,
v1_29886325_0_1448173912684571475.tar.gz, http://dbpedia.org/ontology/City,1, alpha outside the scope,
v1_41480166_0_6681239260286218499.tar.gz, http://dbpedia.org/ontology/Saint,10, alpha outside the scope,
v1_41480166_0_6681239260286218499.tar.gz, http://dbpedia.org/ontology/Saint,5, alpha outside the scope,
v1_41480166_0_6681239260286218499.tar.gz, http://dbpedia.org/ontology/Saint,3, alpha outside the scope,
v1_41480166_0_6681239260286218499.tar.gz, http://dbpedia.org/ontology/Saint,1, alpha outside the scope,
v1_88523363_0_8180214313099580515.tar.gz, http://dbpedia.org/ontology/Plant,10, alpha outside the scope,
v1_88523363_0_8180214313099580515.tar.gz, http://dbpedia.org/ontology/Plant,5, alpha outside the scope,
v1_88523363_0_8180214313099580515.tar.gz, http://dbpedia.org/ontology/Plant,3, alpha outside the scope,
v1_88523363_0_8180214313099580515.tar.gz, http://dbpedia.org/ontology/Plant,1, alpha outside the scope,
v1_28086084_0_3127660530989916727.tar.gz, http://dbpedia.org/ontology/Saint,10, alpha outside the scope,
v1_28086084_0_3127660530989916727.tar.gz, http://dbpedia.org/ontology/Saint,5, alpha outside the scope,
v1_28086084_0_3127660530989916727.tar.gz, http://dbpedia.org/ontology/Saint,3, alpha outside the scope,
v1_28086084_0_3127660530989916727.tar.gz, http://dbpedia.org/ontology/Saint,1, alpha outside the scope,