1438042986423_95_20150728002306-00329-ip-10-236-191-2_805336391_10, http://dbpedia.org/ontology/Swimmer,5, no results
1438042986423_95_20150728002306-00329-ip-10-236-191-2_805336391_10, http://dbpedia.org/ontology/Swimmer,3, no results
1438042986423_95_20150728002306-00329-ip-10-236-191-2_805336391_10, http://dbpedia.org/ontology/Swimmer,1, no results
1438042989043_35_20150728002309-00287-ip-10-236-191-2_875026214_2, http://dbpedia.org/ontology/Mountain,5,0.1
1438042989043_35_20150728002309-00287-ip-10-236-191-2_875026214_2, http://dbpedia.org/ontology/Mountain,3,0.1
1438042989043_35_20150728002309-00287-ip-10-236-191-2_875026214_2, http://dbpedia.org/ontology/Mountain,1,0.05
12125836_0_1134348206297032434, http://dbpedia.org/ontology/RadioStation,5,0.1
12125836_0_1134348206297032434, http://dbpedia.org/ontology/RadioStation,3,0.1
12125836_0_1134348206297032434, http://dbpedia.org/ontology/RadioStation,1,0.01
24859353_0_7027810986004269522, http://dbpedia.org/ontology/Currency,5, no results
24859353_0_7027810986004269522, http://dbpedia.org/ontology/Currency,3, no results
24859353_0_7027810986004269522, http://dbpedia.org/ontology/Currency,1, no results
41839679_0_3009344178474568371, http://dbpedia.org/ontology/Monarch,5,0.05
41839679_0_3009344178474568371, http://dbpedia.org/ontology/Monarch,3,0.01
41839679_0_3009344178474568371, http://dbpedia.org/ontology/Monarch,1,0.005
68779923_2_1000046510804975562, http://dbpedia.org/ontology/Country,5,0.1
68779923_2_1000046510804975562, http://dbpedia.org/ontology/Country,3,0.05
68779923_2_1000046510804975562, http://dbpedia.org/ontology/Country,1,0.01
1438042986423_95_20150728002306-00125-ip-10-236-191-2_88435628_5, http://dbpedia.org/ontology/PoliticalParty,5,0.001
1438042986423_95_20150728002306-00125-ip-10-236-191-2_88435628_5, http://dbpedia.org/ontology/PoliticalParty,3,0.001
1438042986423_95_20150728002306-00125-ip-10-236-191-2_88435628_5, http://dbpedia.org/ontology/PoliticalParty,1,0.001
29414811_13_8724394428539174350, http://dbpedia.org/ontology/VideoGame,5,0.1
29414811_13_8724394428539174350, http://dbpedia.org/ontology/VideoGame,3,0.1
29414811_13_8724394428539174350, http://dbpedia.org/ontology/VideoGame,1,0.01
  2066887_0_746204117268168398, http://dbpedia.org/ontology/Saint,5,0.1
  2066887_0_746204117268168398, http://dbpedia.org/ontology/Saint,3,0.1
  2066887_0_746204117268168398, http://dbpedia.org/ontology/Saint,1,0.01
90593344_0_8311455501234425088, http://dbpedia.org/ontology/Mountain,5,0.1
90593344_0_8311455501234425088, http://dbpedia.org/ontology/Mountain,3,0.1
90593344_0_8311455501234425088, http://dbpedia.org/ontology/Mountain,1,0.05
71137051_0_8039724067857124984, http://dbpedia.org/ontology/Bird,5,0.1
71137051_0_8039724067857124984, http://dbpedia.org/ontology/Bird,3,0.1
71137051_0_8039724067857124984, http://dbpedia.org/ontology/Bird,1,0.05
64207896_0_3206705146602325658, http://dbpedia.org/ontology/Monarch,5,0.05
64207896_0_3206705146602325658, http://dbpedia.org/ontology/Monarch,3,0.01
64207896_0_3206705146602325658, http://dbpedia.org/ontology/Monarch,1,0.01
19654359_0_3020273135042459469, http://dbpedia.org/ontology/Airport,5,0.1
19654359_0_3020273135042459469, http://dbpedia.org/ontology/Airport,3,0.1
19654359_0_3020273135042459469, http://dbpedia.org/ontology/Airport,1,0.1
54773498_0_4341462266113591159, http://dbpedia.org/ontology/Building,5,0.1
54773498_0_4341462266113591159, http://dbpedia.org/ontology/Building,3,0.1
54773498_0_4341462266113591159, http://dbpedia.org/ontology/Building,1,0.1
12183399_0_6725061928072492226, http://dbpedia.org/ontology/Country,5,0.05
12183399_0_6725061928072492226, http://dbpedia.org/ontology/Country,3,0.05
12183399_0_6725061928072492226, http://dbpedia.org/ontology/Country,1,0.01
 5873256_0_7795190905731964989, http://dbpedia.org/ontology/Airline,5,0.1
 5873256_0_7795190905731964989, http://dbpedia.org/ontology/Airline,3,0.1
 5873256_0_7795190905731964989, http://dbpedia.org/ontology/Airline,1,0.01
77694908_0_6083291340991074532, http://dbpedia.org/ontology/Film,5,0.1
77694908_0_6083291340991074532, http://dbpedia.org/ontology/Film,3,0.1
77694908_0_6083291340991074532, http://dbpedia.org/ontology/Film,1,0.1
 8286121_0_8471791395229161598, http://dbpedia.org/ontology/Country,5,0.1
 8286121_0_8471791395229161598, http://dbpedia.org/ontology/Country,3,0.1
 8286121_0_8471791395229161598, http://dbpedia.org/ontology/Country,1,0.01
40534006_0_4617468856744635526, http://dbpedia.org/ontology/Wrestler,5,0.1
40534006_0_4617468856744635526, http://dbpedia.org/ontology/Wrestler,3,0.1
40534006_0_4617468856744635526, http://dbpedia.org/ontology/Wrestler,1,0.1
34041816_1_4749054164534706977, http://dbpedia.org/ontology/Airport,5,0.1
34041816_1_4749054164534706977, http://dbpedia.org/ontology/Airport,3,0.1
34041816_1_4749054164534706977, http://dbpedia.org/ontology/Airport,1,0.1
35188621_0_6058553107571275232, http://dbpedia.org/ontology/Film,5,0.1
35188621_0_6058553107571275232, http://dbpedia.org/ontology/Film,3,0.05
35188621_0_6058553107571275232, http://dbpedia.org/ontology/Film,1,0.05
28423212_0_2742990779532526553, http://dbpedia.org/ontology/Company,5,0.1
28423212_0_2742990779532526553, http://dbpedia.org/ontology/Company,3,0.05
28423212_0_2742990779532526553, http://dbpedia.org/ontology/Company,1,0.05
40844462_1_6230938203735169234, http://dbpedia.org/ontology/Film,5,0.1
40844462_1_6230938203735169234, http://dbpedia.org/ontology/Film,3,0.05
40844462_1_6230938203735169234, http://dbpedia.org/ontology/Film,1,0.05
73988811_0_2775758476756716904, http://dbpedia.org/ontology/Film,5,0.1
73988811_0_2775758476756716904, http://dbpedia.org/ontology/Film,3,0.1
73988811_0_2775758476756716904, http://dbpedia.org/ontology/Film,1,0.1
74718406_0_3914457597478137388, http://dbpedia.org/ontology/Airport,5,0.1
74718406_0_3914457597478137388, http://dbpedia.org/ontology/Airport,3,0.1
74718406_0_3914457597478137388, http://dbpedia.org/ontology/Airport,1,0.1
38390205_1_8150763005563658139, http://dbpedia.org/ontology/Hospital,5,0.1
38390205_1_8150763005563658139, http://dbpedia.org/ontology/Hospital,3,0.1
38390205_1_8150763005563658139, http://dbpedia.org/ontology/Hospital,1,0.05
12151277_0_1262954734066545952, http://dbpedia.org/ontology/Hospital,5, no results
12151277_0_1262954734066545952, http://dbpedia.org/ontology/Hospital,3, no results
12151277_0_1262954734066545952, http://dbpedia.org/ontology/Hospital,1, no results
76275868_0_4528346580716713695, http://dbpedia.org/ontology/Country,5,0.1
76275868_0_4528346580716713695, http://dbpedia.org/ontology/Country,3,0.05
76275868_0_4528346580716713695, http://dbpedia.org/ontology/Country,1,0.01
38732532_0_1420803645394505878, http://dbpedia.org/ontology/Monarch,5,0.001
38732532_0_1420803645394505878, http://dbpedia.org/ontology/Monarch,3,0.001
38732532_0_1420803645394505878, http://dbpedia.org/ontology/Monarch,1,0.002
76373906_0_6904594838446307331, http://dbpedia.org/ontology/PoliticalParty,5,0.1
76373906_0_6904594838446307331, http://dbpedia.org/ontology/PoliticalParty,3,0.1
76373906_0_6904594838446307331, http://dbpedia.org/ontology/PoliticalParty,1,0.05
 4501311_8_8306082458935575308, http://dbpedia.org/ontology/VideoGame,5,0.1
 4501311_8_8306082458935575308, http://dbpedia.org/ontology/VideoGame,3,0.1
 4501311_8_8306082458935575308, http://dbpedia.org/ontology/VideoGame,1,0.01
64734047_0_5880705307495695536, http://dbpedia.org/ontology/Hospital,5,0.1
64734047_0_5880705307495695536, http://dbpedia.org/ontology/Hospital,3,0.1
64734047_0_5880705307495695536, http://dbpedia.org/ontology/Hospital,1,0.05
12193237_0_8699643798888088574, http://dbpedia.org/ontology/Country,5,0.05
12193237_0_8699643798888088574, http://dbpedia.org/ontology/Country,3,0.05
12193237_0_8699643798888088574, http://dbpedia.org/ontology/Country,1,0.05
 9686394_0_5980699488362107028, http://dbpedia.org/ontology/Airport,5,0.1
 9686394_0_5980699488362107028, http://dbpedia.org/ontology/Airport,3,0.1
 9686394_0_5980699488362107028, http://dbpedia.org/ontology/Airport,1,0.1
24142265_0_4577466141408796359, http://dbpedia.org/ontology/VideoGame,5,0.1
24142265_0_4577466141408796359, http://dbpedia.org/ontology/VideoGame,3,0.1
24142265_0_4577466141408796359, http://dbpedia.org/ontology/VideoGame,1,0.01
53989675_0_8697482470743954630, http://dbpedia.org/ontology/Lake,5,0.1
53989675_0_8697482470743954630, http://dbpedia.org/ontology/Lake,3,0.1
53989675_0_8697482470743954630, http://dbpedia.org/ontology/Lake,1,0.01
19361188_0_1640726405141876003, http://dbpedia.org/ontology/Mountain,5,0.1
19361188_0_1640726405141876003, http://dbpedia.org/ontology/Mountain,3,0.1
19361188_0_1640726405141876003, http://dbpedia.org/ontology/Mountain,1,0.1
47709681_0_4437772923903322343, http://dbpedia.org/ontology/VideoGame,5,0.1
47709681_0_4437772923903322343, http://dbpedia.org/ontology/VideoGame,3,0.1
47709681_0_4437772923903322343, http://dbpedia.org/ontology/VideoGame,1,0.01
43226272_0_5995103035300388365, http://dbpedia.org/ontology/Hospital,5,0.1
43226272_0_5995103035300388365, http://dbpedia.org/ontology/Hospital,3,0.1
43226272_0_5995103035300388365, http://dbpedia.org/ontology/Hospital,1,0.05
78005071_0_8643954006825971723, http://dbpedia.org/ontology/PoliticalParty,5,0.1
78005071_0_8643954006825971723, http://dbpedia.org/ontology/PoliticalParty,3,0.1
78005071_0_8643954006825971723, http://dbpedia.org/ontology/PoliticalParty,1,0.1
13719111_1_5719401842463579519, http://dbpedia.org/ontology/Bird,5,0.1
13719111_1_5719401842463579519, http://dbpedia.org/ontology/Bird,3,0.1
13719111_1_5719401842463579519, http://dbpedia.org/ontology/Bird,1,0.1
84548468_0_5955155464119382182, http://dbpedia.org/ontology/Film,5,0.1
84548468_0_5955155464119382182, http://dbpedia.org/ontology/Film,3,0.1
84548468_0_5955155464119382182, http://dbpedia.org/ontology/Film,1,0.1
70515524_0_5425995199745290007, http://dbpedia.org/ontology/Monarch,5, alpha outside the scope
70515524_0_5425995199745290007, http://dbpedia.org/ontology/Monarch,3, alpha outside the scope
70515524_0_5425995199745290007, http://dbpedia.org/ontology/Monarch,1, alpha outside the scope
41819807_0_3139249984404131679, http://dbpedia.org/ontology/Lake,5,0.1
41819807_0_3139249984404131679, http://dbpedia.org/ontology/Lake,3,0.1
41819807_0_3139249984404131679, http://dbpedia.org/ontology/Lake,1,0.05
63450419_0_8012592961815711786, http://dbpedia.org/ontology/Plant,5,0.1
63450419_0_8012592961815711786, http://dbpedia.org/ontology/Plant,3,0.1
63450419_0_8012592961815711786, http://dbpedia.org/ontology/Plant,1,0.1
32051842_5_1757891723986774036, http://dbpedia.org/ontology/Museum,5,0.1
32051842_5_1757891723986774036, http://dbpedia.org/ontology/Museum,3,0.1
32051842_5_1757891723986774036, http://dbpedia.org/ontology/Museum,1,0.01
88732174_0_7321365014357502211, http://dbpedia.org/ontology/BaseballPlayer,5,0.1
88732174_0_7321365014357502211, http://dbpedia.org/ontology/BaseballPlayer,3,0.1
88732174_0_7321365014357502211, http://dbpedia.org/ontology/BaseballPlayer,1,0.1
98312357_0_6395417306876145729, http://dbpedia.org/ontology/Monarch,5,0.01
98312357_0_6395417306876145729, http://dbpedia.org/ontology/Monarch,3,0.005
98312357_0_6395417306876145729, http://dbpedia.org/ontology/Monarch,1,0.005
55961337_0_6548713781034932742, http://dbpedia.org/ontology/Currency,5,0.01
55961337_0_6548713781034932742, http://dbpedia.org/ontology/Currency,3,0.01
55961337_0_6548713781034932742, http://dbpedia.org/ontology/Currency,1,0.01
74685423_0_8061289760697103949, http://dbpedia.org/ontology/Bird,5,0.1
74685423_0_8061289760697103949, http://dbpedia.org/ontology/Bird,3,0.1
74685423_0_8061289760697103949, http://dbpedia.org/ontology/Bird,1,0.1
1438042989018_40_20150728002309-00067-ip-10-236-191-2_57714692_2, http://dbpedia.org/ontology/Cricketer,5, alpha outside the scope
1438042989018_40_20150728002309-00067-ip-10-236-191-2_57714692_2, http://dbpedia.org/ontology/Cricketer,3, alpha outside the scope
1438042989018_40_20150728002309-00067-ip-10-236-191-2_57714692_2, http://dbpedia.org/ontology/Cricketer,1, alpha outside the scope
39107734_2_2329160387535788734, http://dbpedia.org/ontology/Airport,5,0.1
39107734_2_2329160387535788734, http://dbpedia.org/ontology/Airport,3,0.1
39107734_2_2329160387535788734, http://dbpedia.org/ontology/Airport,1,0.1
41648740_0_6959523681065295632, http://dbpedia.org/ontology/Country,5, alpha outside the scope
41648740_0_6959523681065295632, http://dbpedia.org/ontology/Country,3, alpha outside the scope
41648740_0_6959523681065295632, http://dbpedia.org/ontology/Country,1, alpha outside the scope
 8009320_0_5507755752653817624, http://dbpedia.org/ontology/Country,5,0.05
 8009320_0_5507755752653817624, http://dbpedia.org/ontology/Country,3,0.05
 8009320_0_5507755752653817624, http://dbpedia.org/ontology/Country,1,0.01
  4444204_0_951426790527152756, http://dbpedia.org/ontology/City,5,0.011
  4444204_0_951426790527152756, http://dbpedia.org/ontology/City,3,0.015
  4444204_0_951426790527152756, http://dbpedia.org/ontology/City,1,0.026
86297395_0_6919201319699354263, http://dbpedia.org/ontology/Country,5,0.01
86297395_0_6919201319699354263, http://dbpedia.org/ontology/Country,3,0.01
86297395_0_6919201319699354263, http://dbpedia.org/ontology/Country,1,0.01
29021592_4_4348860179678308511, http://dbpedia.org/ontology/Monarch,5,0.1
29021592_4_4348860179678308511, http://dbpedia.org/ontology/Monarch,3,0.1
29021592_4_4348860179678308511, http://dbpedia.org/ontology/Monarch,1,0.1
39650055_5_7135804139753401681, http://dbpedia.org/ontology/Company,5, alpha outside the scope
39650055_5_7135804139753401681, http://dbpedia.org/ontology/Company,3, alpha outside the scope
39650055_5_7135804139753401681, http://dbpedia.org/ontology/Company,1, alpha outside the scope
25404227_0_2240631045609013057, http://dbpedia.org/ontology/Film,5,0.1
25404227_0_2240631045609013057, http://dbpedia.org/ontology/Film,3,0.1
25404227_0_2240631045609013057, http://dbpedia.org/ontology/Film,1,0.1
37541068_1_1156932518917623732, http://dbpedia.org/ontology/BaseballPlayer,5,0.1
37541068_1_1156932518917623732, http://dbpedia.org/ontology/BaseballPlayer,3,0.1
37541068_1_1156932518917623732, http://dbpedia.org/ontology/BaseballPlayer,1,0.1
11688006_0_8123036130090004213, http://dbpedia.org/ontology/Country,5,0.05
11688006_0_8123036130090004213, http://dbpedia.org/ontology/Country,3,0.05
11688006_0_8123036130090004213, http://dbpedia.org/ontology/Country,1,0.01
39759273_0_1427898308030295194, http://dbpedia.org/ontology/Film,5,0.1
39759273_0_1427898308030295194, http://dbpedia.org/ontology/Film,3,0.1
39759273_0_1427898308030295194, http://dbpedia.org/ontology/Film,1,0.1
14380604_4_3329235705746762392, http://dbpedia.org/ontology/Company,5,0.1
14380604_4_3329235705746762392, http://dbpedia.org/ontology/Company,3,0.1
14380604_4_3329235705746762392, http://dbpedia.org/ontology/Company,1,0.1
79327346_0_5787863739697336601, http://dbpedia.org/ontology/Country,5,0.05
79327346_0_5787863739697336601, http://dbpedia.org/ontology/Country,3,0.05
79327346_0_5787863739697336601, http://dbpedia.org/ontology/Country,1,0.01
71840765_0_6664391841933033844, http://dbpedia.org/ontology/Lake,5,0.1
71840765_0_6664391841933033844, http://dbpedia.org/ontology/Lake,3,0.1
71840765_0_6664391841933033844, http://dbpedia.org/ontology/Lake,1,0.05
12271141_0_8517913935669973086, http://dbpedia.org/ontology/Company,5,0.1
12271141_0_8517913935669973086, http://dbpedia.org/ontology/Company,3,0.1
12271141_0_8517913935669973086, http://dbpedia.org/ontology/Company,1,0.1
29414811_2_4773219892816395776, http://dbpedia.org/ontology/VideoGame,5,0.1
29414811_2_4773219892816395776, http://dbpedia.org/ontology/VideoGame,3,0.1
29414811_2_4773219892816395776, http://dbpedia.org/ontology/VideoGame,1,0.01
45073662_0_3179937335063201739, http://dbpedia.org/ontology/BaseballPlayer,5,0.1
45073662_0_3179937335063201739, http://dbpedia.org/ontology/BaseballPlayer,3,0.1
45073662_0_3179937335063201739, http://dbpedia.org/ontology/BaseballPlayer,1,0.1
33401079_0_9127583903019856402, http://dbpedia.org/ontology/Person,5,0.4
33401079_0_9127583903019856402, http://dbpedia.org/ontology/Person,3,0.4
33401079_0_9127583903019856402, http://dbpedia.org/ontology/Person,1,0.4
29412826_0_3422707769191426540, http://dbpedia.org/ontology/Museum,5,0.1
29412826_0_3422707769191426540, http://dbpedia.org/ontology/Museum,3,0.1
29412826_0_3422707769191426540, http://dbpedia.org/ontology/Museum,1,0.05
37815699_0_8391788584341609964, http://dbpedia.org/ontology/Person,5,0.1
37815699_0_8391788584341609964, http://dbpedia.org/ontology/Person,3,0.01
37815699_0_8391788584341609964, http://dbpedia.org/ontology/Person,1,0.01
19272019_0_1508498249156534553, http://dbpedia.org/ontology/University,5,0.1
19272019_0_1508498249156534553, http://dbpedia.org/ontology/University,3,0.1
19272019_0_1508498249156534553, http://dbpedia.org/ontology/University,1,0.01
77632062_0_2292892375652659825, http://dbpedia.org/ontology/City,1, alpha outside the scope
55238374_0_3379409961751009152, http://dbpedia.org/ontology/Country,5,0.1
55238374_0_3379409961751009152, http://dbpedia.org/ontology/Country,3,0.1
55238374_0_3379409961751009152, http://dbpedia.org/ontology/Country,1,0.01
61121469_0_6337620713408906340, http://dbpedia.org/ontology/Country,5,0.1
61121469_0_6337620713408906340, http://dbpedia.org/ontology/Country,3,0.05
61121469_0_6337620713408906340, http://dbpedia.org/ontology/Country,1,0.01
 3887681_0_7938589465814037992, http://dbpedia.org/ontology/Lake,1, alpha outside the scope
10630177_0_4831842476649004753, http://dbpedia.org/ontology/Building,5,0.1
10630177_0_4831842476649004753, http://dbpedia.org/ontology/Building,3,0.1
10630177_0_4831842476649004753, http://dbpedia.org/ontology/Building,1,0.1
41194422_0_7231546114369966811, http://dbpedia.org/ontology/Country,5,0.05
41194422_0_7231546114369966811, http://dbpedia.org/ontology/Country,3,0.05
41194422_0_7231546114369966811, http://dbpedia.org/ontology/Country,1,0.01
51741865_0_9203644246202164492, http://dbpedia.org/ontology/RadioStation,5,0.1
51741865_0_9203644246202164492, http://dbpedia.org/ontology/RadioStation,3,0.1
51741865_0_9203644246202164492, http://dbpedia.org/ontology/RadioStation,1,0.01
67865873_0_8259587610208037357, http://dbpedia.org/ontology/Country,5,0.05
67865873_0_8259587610208037357, http://dbpedia.org/ontology/Country,3,0.05
67865873_0_8259587610208037357, http://dbpedia.org/ontology/Country,1,0.01
20135078_0_7570343137119682530, http://dbpedia.org/ontology/Film,5,0.1
20135078_0_7570343137119682530, http://dbpedia.org/ontology/Film,3,0.1
20135078_0_7570343137119682530, http://dbpedia.org/ontology/Film,1,0.05
21337553_0_8832378999628437599, http://dbpedia.org/ontology/Mountain,5,0.1
21337553_0_8832378999628437599, http://dbpedia.org/ontology/Mountain,3,0.1
21337553_0_8832378999628437599, http://dbpedia.org/ontology/Mountain,1,0.1
 1614988_0_8789868670151796042, http://dbpedia.org/ontology/Scientist,5,0.1
 1614988_0_8789868670151796042, http://dbpedia.org/ontology/Scientist,3,0.1
 1614988_0_8789868670151796042, http://dbpedia.org/ontology/Scientist,1,0.1
 90723763_0_874013697986950454, http://dbpedia.org/ontology/Company,5, alpha outside the scope
 90723763_0_874013697986950454, http://dbpedia.org/ontology/Company,3, alpha outside the scope
 90723763_0_874013697986950454, http://dbpedia.org/ontology/Company,1, alpha outside the scope
11833461_1_3811022039809817402, http://dbpedia.org/ontology/VideoGame,5,0.1
11833461_1_3811022039809817402, http://dbpedia.org/ontology/VideoGame,3,0.1
11833461_1_3811022039809817402, http://dbpedia.org/ontology/VideoGame,1,0.01
38428277_0_1311643810102462607, http://dbpedia.org/ontology/Film,5,0.1
38428277_0_1311643810102462607, http://dbpedia.org/ontology/Film,3,0.1
38428277_0_1311643810102462607, http://dbpedia.org/ontology/Film,1,0.1
54719588_0_8417197176086756912, http://dbpedia.org/ontology/Film,5,0.1
54719588_0_8417197176086756912, http://dbpedia.org/ontology/Film,3,0.1
54719588_0_8417197176086756912, http://dbpedia.org/ontology/Film,1,0.05
 6869358_0_1379459120563510331, http://dbpedia.org/ontology/Novel,5, alpha outside the scope
 6869358_0_1379459120563510331, http://dbpedia.org/ontology/Novel,3, alpha outside the scope
 6869358_0_1379459120563510331, http://dbpedia.org/ontology/Novel,1, alpha outside the scope
52208141_2_5171684379987586712, http://dbpedia.org/ontology/Museum,5,0.1
52208141_2_5171684379987586712, http://dbpedia.org/ontology/Museum,3,0.1
52208141_2_5171684379987586712, http://dbpedia.org/ontology/Museum,1,0.01
14311244_0_7604843865524657408, http://dbpedia.org/ontology/Mountain,5,0.1
14311244_0_7604843865524657408, http://dbpedia.org/ontology/Mountain,3,0.1
14311244_0_7604843865524657408, http://dbpedia.org/ontology/Mountain,1,0.1
28646774_0_3256889721737611537, http://dbpedia.org/ontology/PoliticalParty,5,0.1
28646774_0_3256889721737611537, http://dbpedia.org/ontology/PoliticalParty,3,0.1
28646774_0_3256889721737611537, http://dbpedia.org/ontology/PoliticalParty,1,0.1
 9567241_0_5666388268510912770, http://dbpedia.org/ontology/Newspaper,5,0.1
 9567241_0_5666388268510912770, http://dbpedia.org/ontology/Newspaper,3,0.1
 9567241_0_5666388268510912770, http://dbpedia.org/ontology/Newspaper,1,0.01
16767252_0_2409448375013995751, http://dbpedia.org/ontology/Film,5,0.1
16767252_0_2409448375013995751, http://dbpedia.org/ontology/Film,3,0.1
16767252_0_2409448375013995751, http://dbpedia.org/ontology/Film,1,0.1
86627271_6_2239821927452848323, http://dbpedia.org/ontology/Lake,5,0.1
86627271_6_2239821927452848323, http://dbpedia.org/ontology/Lake,3,0.1
86627271_6_2239821927452848323, http://dbpedia.org/ontology/Lake,1,0.05
 53583534_0_503521622577229691, http://dbpedia.org/ontology/Building,5,0.1
 53583534_0_503521622577229691, http://dbpedia.org/ontology/Building,3,0.1
 53583534_0_503521622577229691, http://dbpedia.org/ontology/Building,1,0.1
24417511_0_3058323105166963431, http://dbpedia.org/ontology/BaseballPlayer,5,0.1
24417511_0_3058323105166963431, http://dbpedia.org/ontology/BaseballPlayer,3,0.1
24417511_0_3058323105166963431, http://dbpedia.org/ontology/BaseballPlayer,1,0.1
57943722_0_8666078014685775876, http://dbpedia.org/ontology/Country,5,0.01
57943722_0_8666078014685775876, http://dbpedia.org/ontology/Country,3,0.01
57943722_0_8666078014685775876, http://dbpedia.org/ontology/Country,1,0.01
 3962429_0_3452614694863053249, http://dbpedia.org/ontology/Hotel,5,0.1
 3962429_0_3452614694863053249, http://dbpedia.org/ontology/Hotel,3,0.1
 3962429_0_3452614694863053249, http://dbpedia.org/ontology/Hotel,1,0.05
29414811_12_251152470253168163, http://dbpedia.org/ontology/VideoGame,5,0.1
29414811_12_251152470253168163, http://dbpedia.org/ontology/VideoGame,3,0.1
29414811_12_251152470253168163, http://dbpedia.org/ontology/VideoGame,1,0.01
96203994_0_2127964719640427252, http://dbpedia.org/ontology/Company,5,0.1
96203994_0_2127964719640427252, http://dbpedia.org/ontology/Company,3,0.1
96203994_0_2127964719640427252, http://dbpedia.org/ontology/Company,1,0.1
64499281_8_7181683886563136802, http://dbpedia.org/ontology/Museum,5,0.1
64499281_8_7181683886563136802, http://dbpedia.org/ontology/Museum,3,0.1
64499281_8_7181683886563136802, http://dbpedia.org/ontology/Museum,1,0.01
57938705_0_8737506792349461963, http://dbpedia.org/ontology/VideoGame,5,0.1
57938705_0_8737506792349461963, http://dbpedia.org/ontology/VideoGame,3,0.1
57938705_0_8737506792349461963, http://dbpedia.org/ontology/VideoGame,1,0.01
21333456_2_1886495893795687264, http://dbpedia.org/ontology/Scientist,5,0.1
21333456_2_1886495893795687264, http://dbpedia.org/ontology/Scientist,3,0.1
21333456_2_1886495893795687264, http://dbpedia.org/ontology/Scientist,1,0.1
68442591_0_8506821153001360777, http://dbpedia.org/ontology/Hospital,5,0.1
68442591_0_8506821153001360777, http://dbpedia.org/ontology/Hospital,3,0.1
68442591_0_8506821153001360777, http://dbpedia.org/ontology/Hospital,1,0.05
21329809_0_5526008408364682899, http://dbpedia.org/ontology/City,3, alpha outside the scope
21329809_0_5526008408364682899, http://dbpedia.org/ontology/City,1, alpha outside the scope
92896255_0_4593968708343548527, http://dbpedia.org/ontology/Plant,5,0.1
92896255_0_4593968708343548527, http://dbpedia.org/ontology/Plant,3,0.1
92896255_0_4593968708343548527, http://dbpedia.org/ontology/Plant,1,0.1
75154185_0_1607627349983289012, http://dbpedia.org/ontology/City,1, alpha outside the scope
39606331_0_1646213676302448706, http://dbpedia.org/ontology/PoliticalParty,5,0.1
39606331_0_1646213676302448706, http://dbpedia.org/ontology/PoliticalParty,3,0.1
39606331_0_1646213676302448706, http://dbpedia.org/ontology/PoliticalParty,1,0.1
28079336_2_2139598421036200532, http://dbpedia.org/ontology/Company,5,0.1
28079336_2_2139598421036200532, http://dbpedia.org/ontology/Company,3,0.1
28079336_2_2139598421036200532, http://dbpedia.org/ontology/Company,1,0.1
79966524_0_1484492112455633784, http://dbpedia.org/ontology/Animal,5, alpha outside the scope
79966524_0_1484492112455633784, http://dbpedia.org/ontology/Animal,3, alpha outside the scope
79966524_0_1484492112455633784, http://dbpedia.org/ontology/Animal,1, alpha outside the scope
32812626_0_5428724146873158593, http://dbpedia.org/ontology/Hospital,5,0.1
32812626_0_5428724146873158593, http://dbpedia.org/ontology/Hospital,3,0.1
32812626_0_5428724146873158593, http://dbpedia.org/ontology/Hospital,1,0.05
22864497_0_8632623712684511496, http://dbpedia.org/ontology/VideoGame,5,0.1
22864497_0_8632623712684511496, http://dbpedia.org/ontology/VideoGame,3,0.1
22864497_0_8632623712684511496, http://dbpedia.org/ontology/VideoGame,1,0.01
28494901_6_7026744149694237309, http://dbpedia.org/ontology/Scientist,5,0.05
28494901_6_7026744149694237309, http://dbpedia.org/ontology/Scientist,3,0.01
28494901_6_7026744149694237309, http://dbpedia.org/ontology/Scientist,1,0.01
 50245608_0_871275842592178099, http://dbpedia.org/ontology/Film,5,0.018
 50245608_0_871275842592178099, http://dbpedia.org/ontology/Film,3,0.019
 50245608_0_871275842592178099, http://dbpedia.org/ontology/Film,1,0.025
98458255_0_5873264818593370400, http://dbpedia.org/ontology/AcademicJournal,5, no results
98458255_0_5873264818593370400, http://dbpedia.org/ontology/AcademicJournal,3, no results
98458255_0_5873264818593370400, http://dbpedia.org/ontology/AcademicJournal,1, no results
44005578_0_5400481538370055338, http://dbpedia.org/ontology/PoliticalParty,5,0.1
44005578_0_5400481538370055338, http://dbpedia.org/ontology/PoliticalParty,3,0.1
44005578_0_5400481538370055338, http://dbpedia.org/ontology/PoliticalParty,1,0.1
 28154036_0_909001972154294543, http://dbpedia.org/ontology/PoliticalParty,5, no results
 28154036_0_909001972154294543, http://dbpedia.org/ontology/PoliticalParty,3, no results
 28154036_0_909001972154294543, http://dbpedia.org/ontology/PoliticalParty,1, no results
 4730513_0_8573199053866072336, http://dbpedia.org/ontology/Scientist,5,0.1
 4730513_0_8573199053866072336, http://dbpedia.org/ontology/Scientist,3,0.1
 4730513_0_8573199053866072336, http://dbpedia.org/ontology/Scientist,1,0.1
49801939_0_6964113429298874283, http://dbpedia.org/ontology/Mountain,5,0.1
49801939_0_6964113429298874283, http://dbpedia.org/ontology/Mountain,3,0.1
49801939_0_6964113429298874283, http://dbpedia.org/ontology/Mountain,1,0.1
 3917335_0_7791699395300625164, http://dbpedia.org/ontology/Country,5,0.05
 3917335_0_7791699395300625164, http://dbpedia.org/ontology/Country,3,0.05
 3917335_0_7791699395300625164, http://dbpedia.org/ontology/Country,1,0.01
24850757_0_5978004733768297283, http://dbpedia.org/ontology/Country,5,0.05
24850757_0_5978004733768297283, http://dbpedia.org/ontology/Country,3,0.05
24850757_0_5978004733768297283, http://dbpedia.org/ontology/Country,1,0.01
 9834884_0_3871985887467090123, http://dbpedia.org/ontology/Museum,5,0.1
 9834884_0_3871985887467090123, http://dbpedia.org/ontology/Museum,3,0.1
 9834884_0_3871985887467090123, http://dbpedia.org/ontology/Museum,1,0.05
34899692_0_6530393048033763438, http://dbpedia.org/ontology/Country,5,0.01
34899692_0_6530393048033763438, http://dbpedia.org/ontology/Country,3,0.01
34899692_0_6530393048033763438, http://dbpedia.org/ontology/Country,1,0.01
33242247_1_7232384061498591611, http://dbpedia.org/ontology/Election,5, alpha outside the scope
33242247_1_7232384061498591611, http://dbpedia.org/ontology/Election,3, alpha outside the scope
33242247_1_7232384061498591611, http://dbpedia.org/ontology/Election,1, alpha outside the scope
37856682_0_6818907050314633217, http://dbpedia.org/ontology/AdministrativeRegion,5, alpha outside the scope
37856682_0_6818907050314633217, http://dbpedia.org/ontology/AdministrativeRegion,3, alpha outside the scope
37856682_0_6818907050314633217, http://dbpedia.org/ontology/AdministrativeRegion,1, alpha outside the scope
36039980_4_4283009829602711082, http://dbpedia.org/ontology/Mountain,5,0.1
36039980_4_4283009829602711082, http://dbpedia.org/ontology/Mountain,3,0.1
36039980_4_4283009829602711082, http://dbpedia.org/ontology/Mountain,1,0.1
 9206866_1_8114610355671172497, http://dbpedia.org/ontology/Country,5,0.05
 9206866_1_8114610355671172497, http://dbpedia.org/ontology/Country,3,0.05
 9206866_1_8114610355671172497, http://dbpedia.org/ontology/Country,1,0.01
 54112392_0_160015365721559357, http://dbpedia.org/ontology/Lake,5,0.1
 54112392_0_160015365721559357, http://dbpedia.org/ontology/Lake,3,0.1
 54112392_0_160015365721559357, http://dbpedia.org/ontology/Lake,1,0.1
28036255_0_5705563063166785494, http://dbpedia.org/ontology/Mountain,5,0.1
28036255_0_5705563063166785494, http://dbpedia.org/ontology/Mountain,3,0.1
28036255_0_5705563063166785494, http://dbpedia.org/ontology/Mountain,1,0.1
 49087820_0_461228320225084868, http://dbpedia.org/ontology/Currency,5,0.01
 49087820_0_461228320225084868, http://dbpedia.org/ontology/Currency,3,0.01
 49087820_0_461228320225084868, http://dbpedia.org/ontology/Currency,1,0.01
43469354_0_6029017163991310319, http://dbpedia.org/ontology/City,3, alpha outside the scope
43469354_0_6029017163991310319, http://dbpedia.org/ontology/City,1, alpha outside the scope
51130304_0_3035822254995425429, http://dbpedia.org/ontology/Monarch,5,0.05
51130304_0_3035822254995425429, http://dbpedia.org/ontology/Monarch,3,0.01
51130304_0_3035822254995425429, http://dbpedia.org/ontology/Monarch,1,0.01
25933880_0_4058554985574416690, http://dbpedia.org/ontology/Wrestler,5,0.01
25933880_0_4058554985574416690, http://dbpedia.org/ontology/Wrestler,3,0.01
25933880_0_4058554985574416690, http://dbpedia.org/ontology/Wrestler,1,0.01
70883081_0_5357790421435123524, http://dbpedia.org/ontology/PoliticalParty,5,0.1
70883081_0_5357790421435123524, http://dbpedia.org/ontology/PoliticalParty,3,0.1
70883081_0_5357790421435123524, http://dbpedia.org/ontology/PoliticalParty,1,0.05
39173938_0_7916056990138658530, http://dbpedia.org/ontology/Film,5,0.1
39173938_0_7916056990138658530, http://dbpedia.org/ontology/Film,3,0.1
39173938_0_7916056990138658530, http://dbpedia.org/ontology/Film,1,0.1
66329615_0_3585856495110277641, http://dbpedia.org/ontology/VideoGame,5,0.1
66329615_0_3585856495110277641, http://dbpedia.org/ontology/VideoGame,3,0.1
66329615_0_3585856495110277641, http://dbpedia.org/ontology/VideoGame,1,0.01
64092785_0_4696367782987533337, http://dbpedia.org/ontology/Company,5,0.1
64092785_0_4696367782987533337, http://dbpedia.org/ontology/Company,3,0.1
64092785_0_4696367782987533337, http://dbpedia.org/ontology/Company,1,0.1
63389809_0_8179819543692215824, http://dbpedia.org/ontology/Company,5,0.1
63389809_0_8179819543692215824, http://dbpedia.org/ontology/Company,3,0.1
63389809_0_8179819543692215824, http://dbpedia.org/ontology/Company,1,0.1
68779923_5_2067037721454758189, http://dbpedia.org/ontology/Country,5,0.1
68779923_5_2067037721454758189, http://dbpedia.org/ontology/Country,3,0.05
68779923_5_2067037721454758189, http://dbpedia.org/ontology/Country,1,0.005
 29857217_0_961038783966485949, http://dbpedia.org/ontology/Newspaper,5,0.1
 29857217_0_961038783966485949, http://dbpedia.org/ontology/Newspaper,3,0.1
 29857217_0_961038783966485949, http://dbpedia.org/ontology/Newspaper,1,0.01
74491133_0_7177831100884797849, http://dbpedia.org/ontology/Country,5,0.05
74491133_0_7177831100884797849, http://dbpedia.org/ontology/Country,3,0.05
74491133_0_7177831100884797849, http://dbpedia.org/ontology/Country,1,0.01
29414811_6_8221428333921653560, http://dbpedia.org/ontology/VideoGame,5,0.1
29414811_6_8221428333921653560, http://dbpedia.org/ontology/VideoGame,3,0.1
29414811_6_8221428333921653560, http://dbpedia.org/ontology/VideoGame,1,0.01
66009064_0_9148652238372261251, http://dbpedia.org/ontology/BaseballPlayer,5,0.1
66009064_0_9148652238372261251, http://dbpedia.org/ontology/BaseballPlayer,3,0.1
66009064_0_9148652238372261251, http://dbpedia.org/ontology/BaseballPlayer,1,0.1
99070098_0_2074872741302696997, http://dbpedia.org/ontology/Mountain,5,0.1
99070098_0_2074872741302696997, http://dbpedia.org/ontology/Mountain,3,0.1
99070098_0_2074872741302696997, http://dbpedia.org/ontology/Mountain,1,0.1
21245481_0_8730460088443117515, http://dbpedia.org/ontology/Lake,5,0.1
21245481_0_8730460088443117515, http://dbpedia.org/ontology/Lake,3,0.1
21245481_0_8730460088443117515, http://dbpedia.org/ontology/Lake,1,0.05
61069974_0_1894536874590565102, http://dbpedia.org/ontology/Currency,5,0.001
61069974_0_1894536874590565102, http://dbpedia.org/ontology/Currency,3,0.001
61069974_0_1894536874590565102, http://dbpedia.org/ontology/Currency,1,0.001
13357355_0_5384862281417742530, http://dbpedia.org/ontology/FictionalCharacter,5, no results
13357355_0_5384862281417742530, http://dbpedia.org/ontology/FictionalCharacter,3, no results
13357355_0_5384862281417742530, http://dbpedia.org/ontology/FictionalCharacter,1, no results
28079336_1_3124145965038277571, http://dbpedia.org/ontology/Company,5,0.1
28079336_1_3124145965038277571, http://dbpedia.org/ontology/Company,3,0.1
28079336_1_3124145965038277571, http://dbpedia.org/ontology/Company,1,0.1
16949304_0_2573050770332101882, http://dbpedia.org/ontology/Hospital,5,0.1
16949304_0_2573050770332101882, http://dbpedia.org/ontology/Hospital,3,0.1
16949304_0_2573050770332101882, http://dbpedia.org/ontology/Hospital,1,0.05
56224555_0_3713922722778385817, http://dbpedia.org/ontology/Company,5,0.1
56224555_0_3713922722778385817, http://dbpedia.org/ontology/Company,3,0.1
56224555_0_3713922722778385817, http://dbpedia.org/ontology/Company,1,0.1
91959037_0_7907661684242014480, http://dbpedia.org/ontology/VideoGame,5,0.1
91959037_0_7907661684242014480, http://dbpedia.org/ontology/VideoGame,3,0.1
91959037_0_7907661684242014480, http://dbpedia.org/ontology/VideoGame,1,0.01
21362676_0_6854186738074119688, http://dbpedia.org/ontology/Film,5,0.05
21362676_0_6854186738074119688, http://dbpedia.org/ontology/Film,3,0.05
21362676_0_6854186738074119688, http://dbpedia.org/ontology/Film,1,0.05
44206774_0_3810538885942465703, http://dbpedia.org/ontology/GolfPlayer,5,0.1
44206774_0_3810538885942465703, http://dbpedia.org/ontology/GolfPlayer,3,0.1
44206774_0_3810538885942465703, http://dbpedia.org/ontology/GolfPlayer,1,0.1
26310680_0_5150772059999313798, http://dbpedia.org/ontology/Currency,5,0.01
26310680_0_5150772059999313798, http://dbpedia.org/ontology/Currency,3,0.01
26310680_0_5150772059999313798, http://dbpedia.org/ontology/Currency,1,0.01
89511064_0_2199624509082573904, http://dbpedia.org/ontology/Country,5,0.05
89511064_0_2199624509082573904, http://dbpedia.org/ontology/Country,3,0.05
89511064_0_2199624509082573904, http://dbpedia.org/ontology/Country,1,0.01
60319454_0_3938426910282115527, http://dbpedia.org/ontology/Animal,5, alpha outside the scope
60319454_0_3938426910282115527, http://dbpedia.org/ontology/Animal,3, alpha outside the scope
60319454_0_3938426910282115527, http://dbpedia.org/ontology/Animal,1, alpha outside the scope
86747932_0_7532457067740920052, http://dbpedia.org/ontology/Airline,5,0.1
86747932_0_7532457067740920052, http://dbpedia.org/ontology/Airline,3,0.1
86747932_0_7532457067740920052, http://dbpedia.org/ontology/Airline,1,0.01
48944826_0_2321751364268052533, http://dbpedia.org/ontology/VideoGame,5,0.1
48944826_0_2321751364268052533, http://dbpedia.org/ontology/VideoGame,3,0.1
48944826_0_2321751364268052533, http://dbpedia.org/ontology/VideoGame,1,0.01
  93702496_0_39013305210829591, http://dbpedia.org/ontology/Company,5,0.1
  93702496_0_39013305210829591, http://dbpedia.org/ontology/Company,3,0.1
  93702496_0_39013305210829591, http://dbpedia.org/ontology/Company,1,0.1
32460905_0_5195150472060854231, http://dbpedia.org/ontology/Hospital,5,0.1
32460905_0_5195150472060854231, http://dbpedia.org/ontology/Hospital,3,0.1
32460905_0_5195150472060854231, http://dbpedia.org/ontology/Hospital,1,0.05
41194422_1_1172256090552737974, http://dbpedia.org/ontology/Country,5,0.05
41194422_1_1172256090552737974, http://dbpedia.org/ontology/Country,3,0.05
41194422_1_1172256090552737974, http://dbpedia.org/ontology/Country,1,0.01
52572391_0_8684896999787304275, http://dbpedia.org/ontology/Company,5,0.1
52572391_0_8684896999787304275, http://dbpedia.org/ontology/Company,3,0.1
52572391_0_8684896999787304275, http://dbpedia.org/ontology/Company,1,0.1
70404164_0_5498195978476333642, http://dbpedia.org/ontology/City,1, alpha outside the scope
 69381058_0_984708047398578866, http://dbpedia.org/ontology/Mountain,5,0.05
 69381058_0_984708047398578866, http://dbpedia.org/ontology/Mountain,3,0.05
 69381058_0_984708047398578866, http://dbpedia.org/ontology/Mountain,1,0.05
68779923_4_1832350971585698643, http://dbpedia.org/ontology/Country,5,0.05
68779923_4_1832350971585698643, http://dbpedia.org/ontology/Country,3,0.05
68779923_4_1832350971585698643, http://dbpedia.org/ontology/Country,1,0.01
21801207_0_8144839668470123042, http://dbpedia.org/ontology/VideoGame,5, no results
21801207_0_8144839668470123042, http://dbpedia.org/ontology/VideoGame,3, no results
21801207_0_8144839668470123042, http://dbpedia.org/ontology/VideoGame,1, no results
 9475172_1_1023126399856690702, http://dbpedia.org/ontology/TelevisionShow,5,0.1
 9475172_1_1023126399856690702, http://dbpedia.org/ontology/TelevisionShow,3,0.1
 9475172_1_1023126399856690702, http://dbpedia.org/ontology/TelevisionShow,1,0.1
26270372_1_3774607938887520564, http://dbpedia.org/ontology/Monarch,5,0.1
26270372_1_3774607938887520564, http://dbpedia.org/ontology/Monarch,3,0.1
26270372_1_3774607938887520564, http://dbpedia.org/ontology/Monarch,1,0.01
27466715_0_3913547177671701530, http://dbpedia.org/ontology/VideoGame,5,0.1
27466715_0_3913547177671701530, http://dbpedia.org/ontology/VideoGame,3,0.1
27466715_0_3913547177671701530, http://dbpedia.org/ontology/VideoGame,1,0.01
88353875_0_4876234304797064286, http://dbpedia.org/ontology/Mountain,5,0.1
88353875_0_4876234304797064286, http://dbpedia.org/ontology/Mountain,3,0.1
88353875_0_4876234304797064286, http://dbpedia.org/ontology/Mountain,1,0.1
45593932_0_6869375743660252130, http://dbpedia.org/ontology/Scientist,5, alpha outside the scope
45593932_0_6869375743660252130, http://dbpedia.org/ontology/Scientist,3, alpha outside the scope
45593932_0_6869375743660252130, http://dbpedia.org/ontology/Scientist,1, alpha outside the scope
62564020_0_3836030043284699244, http://dbpedia.org/ontology/Animal,5, alpha outside the scope
62564020_0_3836030043284699244, http://dbpedia.org/ontology/Animal,3, alpha outside the scope
62564020_0_3836030043284699244, http://dbpedia.org/ontology/Animal,1, alpha outside the scope
 50270082_0_444360818941411589, http://dbpedia.org/ontology/BaseballPlayer,5,0.1
 50270082_0_444360818941411589, http://dbpedia.org/ontology/BaseballPlayer,3,0.1
 50270082_0_444360818941411589, http://dbpedia.org/ontology/BaseballPlayer,1,0.1
69881946_0_1105130426898457358, http://dbpedia.org/ontology/Film,5,0.1
69881946_0_1105130426898457358, http://dbpedia.org/ontology/Film,3,0.1
69881946_0_1105130426898457358, http://dbpedia.org/ontology/Film,1,0.1
53822652_0_5767892317858575530, http://dbpedia.org/ontology/Film,5,0.1
53822652_0_5767892317858575530, http://dbpedia.org/ontology/Film,3,0.1
53822652_0_5767892317858575530, http://dbpedia.org/ontology/Film,1,0.1
88523363_0_8180214313099580515, http://dbpedia.org/ontology/Plant,5,0.1
88523363_0_8180214313099580515, http://dbpedia.org/ontology/Plant,3,0.1
88523363_0_8180214313099580515, http://dbpedia.org/ontology/Plant,1,0.1
55004961_0_2904467548072189860, http://dbpedia.org/ontology/Country,5,0.1
55004961_0_2904467548072189860, http://dbpedia.org/ontology/Country,3,0.05
55004961_0_2904467548072189860, http://dbpedia.org/ontology/Country,1,0.01
10579449_0_1681126353774891032, http://dbpedia.org/ontology/Newspaper,5,0.1
10579449_0_1681126353774891032, http://dbpedia.org/ontology/Newspaper,3,0.1
10579449_0_1681126353774891032, http://dbpedia.org/ontology/Newspaper,1,0.01
 21585935_0_294037497010176843, http://dbpedia.org/ontology/Airport,5,0.1
 21585935_0_294037497010176843, http://dbpedia.org/ontology/Airport,3,0.1
 21585935_0_294037497010176843, http://dbpedia.org/ontology/Airport,1,0.1
68779923_1_3240042497463101224, http://dbpedia.org/ontology/Country,5,0.01
68779923_1_3240042497463101224, http://dbpedia.org/ontology/Country,3,0.01
68779923_1_3240042497463101224, http://dbpedia.org/ontology/Country,1,0.01
80184932_0_4240003884724905487, http://dbpedia.org/ontology/Company,5,0.1
80184932_0_4240003884724905487, http://dbpedia.org/ontology/Company,3,0.1
80184932_0_4240003884724905487, http://dbpedia.org/ontology/Company,1,0.1
 1146722_1_7558140036342906956, http://dbpedia.org/ontology/Mountain,5,0.1
 1146722_1_7558140036342906956, http://dbpedia.org/ontology/Mountain,3,0.1
 1146722_1_7558140036342906956, http://dbpedia.org/ontology/Mountain,1,0.05
90325533_0_6668263142989366843, http://dbpedia.org/ontology/Hospital,5,0.1
90325533_0_6668263142989366843, http://dbpedia.org/ontology/Hospital,3,0.1
90325533_0_6668263142989366843, http://dbpedia.org/ontology/Hospital,1,0.05
29021592_3_2299138476894681059, http://dbpedia.org/ontology/Monarch,5,0.01
29021592_3_2299138476894681059, http://dbpedia.org/ontology/Monarch,3,0.01
29021592_3_2299138476894681059, http://dbpedia.org/ontology/Monarch,1,0.01
75367212_2_2745466355267233390, http://dbpedia.org/ontology/VideoGame,5,0.1
75367212_2_2745466355267233390, http://dbpedia.org/ontology/VideoGame,3,0.1
75367212_2_2745466355267233390, http://dbpedia.org/ontology/VideoGame,1,0.01
22987653_0_7774852112768859306, http://dbpedia.org/ontology/Scientist,5,0.1
22987653_0_7774852112768859306, http://dbpedia.org/ontology/Scientist,3,0.1
22987653_0_7774852112768859306, http://dbpedia.org/ontology/Scientist,1,0.1
 76836443_2_249332777049648171, http://dbpedia.org/ontology/Scientist,5,0.1
 76836443_2_249332777049648171, http://dbpedia.org/ontology/Scientist,3,0.1
 76836443_2_249332777049648171, http://dbpedia.org/ontology/Scientist,1,0.1
72017594_0_7055198579167316152, http://dbpedia.org/ontology/Museum,5,0.1
72017594_0_7055198579167316152, http://dbpedia.org/ontology/Museum,3,0.1
72017594_0_7055198579167316152, http://dbpedia.org/ontology/Museum,1,0.01
30645756_0_2413317245475669227, http://dbpedia.org/ontology/PoliticalParty,5,0.1
30645756_0_2413317245475669227, http://dbpedia.org/ontology/PoliticalParty,3,0.1
30645756_0_2413317245475669227, http://dbpedia.org/ontology/PoliticalParty,1,0.1
 55027702_0_628532586316851176, http://dbpedia.org/ontology/Lake,5,0.1
 55027702_0_628532586316851176, http://dbpedia.org/ontology/Lake,3,0.1
 55027702_0_628532586316851176, http://dbpedia.org/ontology/Lake,1,0.05
98929678_0_3700213490979945526, http://dbpedia.org/ontology/Lake,5,0.1
98929678_0_3700213490979945526, http://dbpedia.org/ontology/Lake,3,0.1
98929678_0_3700213490979945526, http://dbpedia.org/ontology/Lake,1,0.01
61753761_9_4735181228515289890, http://dbpedia.org/ontology/Museum,5,0.1
61753761_9_4735181228515289890, http://dbpedia.org/ontology/Museum,3,0.1
61753761_9_4735181228515289890, http://dbpedia.org/ontology/Museum,1,0.01
46671561_0_6122315295162029872, http://dbpedia.org/ontology/VideoGame,5,0.1
46671561_0_6122315295162029872, http://dbpedia.org/ontology/VideoGame,3,0.1
46671561_0_6122315295162029872, http://dbpedia.org/ontology/VideoGame,1,0.01
43237185_1_3636357855502246981, http://dbpedia.org/ontology/Scientist,5,0.1
43237185_1_3636357855502246981, http://dbpedia.org/ontology/Scientist,3,0.1
43237185_1_3636357855502246981, http://dbpedia.org/ontology/Scientist,1,0.1
 61626303_0_266372209664087642, http://dbpedia.org/ontology/RadioStation,5,0.1
 61626303_0_266372209664087642, http://dbpedia.org/ontology/RadioStation,3,0.1
 61626303_0_266372209664087642, http://dbpedia.org/ontology/RadioStation,1,0.01
30166286_0_1837439231599898748, http://dbpedia.org/ontology/Scientist,5,0.1
30166286_0_1837439231599898748, http://dbpedia.org/ontology/Scientist,3,0.1
30166286_0_1837439231599898748, http://dbpedia.org/ontology/Scientist,1,0.1
36102169_0_7739454799295072814, http://dbpedia.org/ontology/VideoGame,5,0.1
36102169_0_7739454799295072814, http://dbpedia.org/ontology/VideoGame,3,0.1
36102169_0_7739454799295072814, http://dbpedia.org/ontology/VideoGame,1,0.01
19073331_0_2742992342272078110, http://dbpedia.org/ontology/PoliticalParty,5,0.1
19073331_0_2742992342272078110, http://dbpedia.org/ontology/PoliticalParty,3,0.1
19073331_0_2742992342272078110, http://dbpedia.org/ontology/PoliticalParty,1,0.1
 13395751_3_369722706637560735, http://dbpedia.org/ontology/Lake,5,0.1
 13395751_3_369722706637560735, http://dbpedia.org/ontology/Lake,3,0.1
 13395751_3_369722706637560735, http://dbpedia.org/ontology/Lake,1,0.01
45533669_1_7463037039059239824, http://dbpedia.org/ontology/RadioStation,5,0.1
45533669_1_7463037039059239824, http://dbpedia.org/ontology/RadioStation,3,0.1
45533669_1_7463037039059239824, http://dbpedia.org/ontology/RadioStation,1,0.01
80588006_0_6965325215443683359, http://dbpedia.org/ontology/Newspaper,5,0.1
80588006_0_6965325215443683359, http://dbpedia.org/ontology/Newspaper,3,0.1
80588006_0_6965325215443683359, http://dbpedia.org/ontology/Newspaper,1,0.01
11278409_0_3742771475298785475, http://dbpedia.org/ontology/Company,1, alpha outside the scope
52299421_0_4473286348258170200, http://dbpedia.org/ontology/Country,5,0.01
52299421_0_4473286348258170200, http://dbpedia.org/ontology/Country,3,0.01
52299421_0_4473286348258170200, http://dbpedia.org/ontology/Country,1,0.01
 5972322_0_3150366936082777235, http://dbpedia.org/ontology/Election,5,0.05
 5972322_0_3150366936082777235, http://dbpedia.org/ontology/Election,3,0.05
 5972322_0_3150366936082777235, http://dbpedia.org/ontology/Election,1,0.05
58891288_0_1117541047012405958, http://dbpedia.org/ontology/Film,5,0.1
58891288_0_1117541047012405958, http://dbpedia.org/ontology/Film,3,0.1
58891288_0_1117541047012405958, http://dbpedia.org/ontology/Film,1,0.05
10151359_0_8168779773862259178, http://dbpedia.org/ontology/Book,5, alpha outside the scope
10151359_0_8168779773862259178, http://dbpedia.org/ontology/Book,3, alpha outside the scope
10151359_0_8168779773862259178, http://dbpedia.org/ontology/Book,1, alpha outside the scope
24036779_0_5608105867560183058, http://dbpedia.org/ontology/Country,5,0.01
24036779_0_5608105867560183058, http://dbpedia.org/ontology/Country,3,0.01
24036779_0_5608105867560183058, http://dbpedia.org/ontology/Country,1,0.01
 42764224_0_515744189130384109, http://dbpedia.org/ontology/PoliticalParty,5,0.1
 42764224_0_515744189130384109, http://dbpedia.org/ontology/PoliticalParty,3,0.1
 42764224_0_515744189130384109, http://dbpedia.org/ontology/PoliticalParty,1,0.05
69537082_0_7789694313271016902, http://dbpedia.org/ontology/Country,5,0.05
69537082_0_7789694313271016902, http://dbpedia.org/ontology/Country,3,0.05
69537082_0_7789694313271016902, http://dbpedia.org/ontology/Country,1,0.01
73242003_5_4847571983313033360, http://dbpedia.org/ontology/VideoGame,5,0.1
73242003_5_4847571983313033360, http://dbpedia.org/ontology/VideoGame,3,0.1
73242003_5_4847571983313033360, http://dbpedia.org/ontology/VideoGame,1,0.01
84575189_0_6365692015941409487, http://dbpedia.org/ontology/AcademicJournal,5,0.1
84575189_0_6365692015941409487, http://dbpedia.org/ontology/AcademicJournal,3,0.1
84575189_0_6365692015941409487, http://dbpedia.org/ontology/AcademicJournal,1,0.01
46646666_0_5802598112171303204, http://dbpedia.org/ontology/RadioStation,5,0.1
46646666_0_5802598112171303204, http://dbpedia.org/ontology/RadioStation,3,0.1
46646666_0_5802598112171303204, http://dbpedia.org/ontology/RadioStation,1,0.01
  3389822_6_374624044314151266, http://dbpedia.org/ontology/Mountain,5,0.1
  3389822_6_374624044314151266, http://dbpedia.org/ontology/Mountain,3,0.1
  3389822_6_374624044314151266, http://dbpedia.org/ontology/Mountain,1,0.1
78650283_0_5937576517849452289, http://dbpedia.org/ontology/Currency,5,0.01
78650283_0_5937576517849452289, http://dbpedia.org/ontology/Currency,3,0.01
78650283_0_5937576517849452289, http://dbpedia.org/ontology/Currency,1,0.01
18422942_0_3659164506677528063, http://dbpedia.org/ontology/Work,5, alpha outside the scope
18422942_0_3659164506677528063, http://dbpedia.org/ontology/Work,3, alpha outside the scope
18422942_0_3659164506677528063, http://dbpedia.org/ontology/Work,1, alpha outside the scope
84675086_0_6386416780680710863, http://dbpedia.org/ontology/Bird,5,0.1
84675086_0_6386416780680710863, http://dbpedia.org/ontology/Bird,3,0.1
84675086_0_6386416780680710863, http://dbpedia.org/ontology/Bird,1,0.1
15700884_0_8204220284166767221, http://dbpedia.org/ontology/Company,5,0.1
15700884_0_8204220284166767221, http://dbpedia.org/ontology/Company,3,0.1
15700884_0_8204220284166767221, http://dbpedia.org/ontology/Company,1,0.1
93078729_0_1451251196788678526, http://dbpedia.org/ontology/Lake,5,0.1
93078729_0_1451251196788678526, http://dbpedia.org/ontology/Lake,3,0.1
93078729_0_1451251196788678526, http://dbpedia.org/ontology/Lake,1,0.01
12746760_0_6703465836620308483, http://dbpedia.org/ontology/PoliticalParty,5,0.1
12746760_0_6703465836620308483, http://dbpedia.org/ontology/PoliticalParty,3,0.1
12746760_0_6703465836620308483, http://dbpedia.org/ontology/PoliticalParty,1,0.1
 7929299_0_3253718003116029649, http://dbpedia.org/ontology/Airport,5,0.1
 7929299_0_3253718003116029649, http://dbpedia.org/ontology/Airport,3,0.1
 7929299_0_3253718003116029649, http://dbpedia.org/ontology/Airport,1,0.1
33167985_0_5220049369716352813, http://dbpedia.org/ontology/Mammal,5, alpha outside the scope
33167985_0_5220049369716352813, http://dbpedia.org/ontology/Mammal,3, alpha outside the scope
33167985_0_5220049369716352813, http://dbpedia.org/ontology/Mammal,1, alpha outside the scope
 91474256_0_964747655387573523, http://dbpedia.org/ontology/City,1, alpha outside the scope
 8468806_0_4382447409703007384, http://dbpedia.org/ontology/Lake,5,0.1
 8468806_0_4382447409703007384, http://dbpedia.org/ontology/Lake,3,0.1
 8468806_0_4382447409703007384, http://dbpedia.org/ontology/Lake,1,0.05
49772588_0_6549847739640234347, http://dbpedia.org/ontology/Country,5,0.05
49772588_0_6549847739640234347, http://dbpedia.org/ontology/Country,3,0.01
49772588_0_6549847739640234347, http://dbpedia.org/ontology/Country,1,0.01
 14067031_0_559833072073397908, http://dbpedia.org/ontology/Country,5,0.05
 14067031_0_559833072073397908, http://dbpedia.org/ontology/Country,3,0.05
 14067031_0_559833072073397908, http://dbpedia.org/ontology/Country,1,0.01
48805028_0_8933391169600128370, http://dbpedia.org/ontology/Bird,5,0.1
48805028_0_8933391169600128370, http://dbpedia.org/ontology/Bird,3,0.1
48805028_0_8933391169600128370, http://dbpedia.org/ontology/Bird,1,0.05
41336118_0_4331895026409635103, http://dbpedia.org/ontology/Company,5,0.1
41336118_0_4331895026409635103, http://dbpedia.org/ontology/Company,3,0.1
41336118_0_4331895026409635103, http://dbpedia.org/ontology/Company,1,0.1
68779923_0_3859283110041832023, http://dbpedia.org/ontology/Country,5,0.1
68779923_0_3859283110041832023, http://dbpedia.org/ontology/Country,3,0.05
68779923_0_3859283110041832023, http://dbpedia.org/ontology/Country,1,0.05
97941125_0_8220652154649529701, http://dbpedia.org/ontology/Currency,5,0.01
97941125_0_8220652154649529701, http://dbpedia.org/ontology/Currency,3,0.01
97941125_0_8220652154649529701, http://dbpedia.org/ontology/Currency,1,0.01
28993628_1_6072768612274729703, http://dbpedia.org/ontology/Mountain,1, alpha outside the scope
78891639_0_3299957631631122948, http://dbpedia.org/ontology/City,1, alpha outside the scope
29886325_0_1448173912684571475, http://dbpedia.org/ontology/City,1, alpha outside the scope
 11599512_1_280388135214354946, http://dbpedia.org/ontology/Country,1, alpha outside the scope
48456557_0_3760853481322708783, http://dbpedia.org/ontology/Animal,5,0.2
48456557_0_3760853481322708783, http://dbpedia.org/ontology/Animal,3,0.2
48456557_0_3760853481322708783, http://dbpedia.org/ontology/Animal,1,0.2
90196673_0_5458330029110291950, http://dbpedia.org/ontology/Animal,5, alpha outside the scope
90196673_0_5458330029110291950, http://dbpedia.org/ontology/Animal,3, alpha outside the scope
90196673_0_5458330029110291950, http://dbpedia.org/ontology/Animal,1, alpha outside the scope
41480166_0_6681239260286218499, http://dbpedia.org/ontology/Saint,5, alpha outside the scope
41480166_0_6681239260286218499, http://dbpedia.org/ontology/Saint,3, alpha outside the scope
41480166_0_6681239260286218499, http://dbpedia.org/ontology/Saint,1, alpha outside the scope
28086084_0_3127660530989916727, http://dbpedia.org/ontology/Saint,5,0.0003
28086084_0_3127660530989916727, http://dbpedia.org/ontology/Saint,3,0.0003
28086084_0_3127660530989916727, http://dbpedia.org/ontology/Saint,1,0.0003