Second name,First name,Height(cm),Weight(kg),Country/Team,Country code,Gender,Sport/Discipline,Events,var10,var11,var12,var13
Hladikova,Aneta,171,62,Czech Republic,CZE,W,Cycling - BMX,Women's BMX,,,,
Yamamoto,Kohei,182,69,Japan,JPN,M,Cycling - Mountain Bike,Men's Mountain Bike,,,,
Rodas Ochoa,Manuel,172,68,Guatemala,GUA,M,Cycling - Road,Men's Road Race,,,,
Baier,Maik,180,91,Germany,GER,M,Cycling - BMX,Men's BMX,,,,
Drexel,Ingrid,173,62,Mexico,MEX,W,Cycling - Road,Women's Road Race,,,,
Cooke,Nicole,167,58,Team GB,GBR,W,Cycling - Road,Women's Road Race,,,,
Johansson,Emma,167,58,Sweden,SWE,W,Cycling - Road,Women's Individual Time Trial,Women's Road Race,,,
Choi,Ki Ho,173,59,Hong Kong,HKG,M,Cycling - Track,Men's Omnium,Men's Road Race,,,
Houvenaghel,Wendy,176,60,Team GB,GBR,W,Cycling - Track,Women's Team Pursuit,,,,
Park,Keon Woo,173,65,South Korea,KOR,M,Cycling - Track,Men's Team Pursuit,,,,
Varnish,Jess,167,69,Team GB,GBR,W,Cycling - Track,Women's Team Sprint,Women's Sprint,Women's Keirin,,
Oquendo Zabala,Carlos Mario,175,81,Colombia,COL,M,Cycling - BMX,Men's BMX,,,,
Henderson,Greg,180,74,New Zealand,NZL,M,Cycling - Road,Men's Road Race,,,,
Boom,Lars,191,81,Netherlands,NED,M,Cycling - Road,Men's Road Race,Men's Individual Time Trial,,,
Falla Buchely,Emilio Andres,172,60,Ecuador,ECU,M,Cycling - BMX,Men's BMX,,,,
Hutarovich,Yauheni,179,71,Belarus,BLR,M,Cycling - Road,Men's Road Race,,,,
De Vecchi,de VECCHI Manuel,182,91,Italy,ITA,M,Cycling - BMX,Men's BMX,,,,
Vos,Marianne,169,52,Netherlands,NED,W,Cycling - Road,Women's Individual Time Trial,Women's Road Race,,,
Armstrong,Kristin,173,58,Team USA,USA,W,Cycling - Road,Women's Individual Time Trial,Women's Road Race,,,
Post,Alise,157,58,Team USA,USA,W,Cycling - BMX,Women's BMX,,,,
Millar,David,191,78,Team GB,GBR,M,Cycling - Road,Men's Road Race,Men's Individual Time Trial,,,
Bazayev,Assan,170,66,Kazakhstan,KAZ,M,Cycling - Road,Men's Road Race,Men's Individual Time Trial,,,
Lovassy,Krisztian,180,71,Hungary,HUN,M,Cycling - Road,Men's Road Race,,,,
Trentin,Matteo,179,74,Italy,ITA,M,Cycling - Road,Men's Road Race,,,,
Castroviejo Nicolas,Jonathan,172,64,Spain,ESP,M,Cycling - Road,Men's Road Race,Men's Individual Time Trial,,,
Nitta,Yudai,173,77,Japan,JPN,M,Cycling - Track,Men's Team Sprint,,,,
Hausler,Claudia,168,52,Germany,GER,W,Cycling - Road,Women's Road Race,,,,
Schleck,Frank,186,69,Luxembourg,LUX,M,Cycling - Road,Men's Road Race,Men's Individual Time Trial,,,
Degenkolb,John,180,79,Germany,GER,M,Cycling - Road,Men's Road Race,,,,
Leumann,Katrin,174,54,Switzerland,SUI,W,Cycling - Mountain Bike,Women's Mountain Bike,,,,
Kulhavy,Jaroslav,187,76,Czech Republic,CZE,M,Cycling - Mountain Bike,Men's Mountain Bike,,,,
Fontana,Marco Aurelio,172,68,Italy,ITA,M,Cycling - Mountain Bike,Men's Mountain Bike,,,,
Krupeckaite,Simona,170,70,Lithuania,LTU,W,Cycling - Track,Women's Sprint,Women's Keirin,,,
Gough,Westley,185,75,New Zealand,NZL,M,Cycling - Track,Men's Team Pursuit,,,,
Sireau,Kevin,188,90,France,FRA,M,Cycling - Track,Men's Team Sprint,,,,
Mansilla,Luis,175,68,Chile,CHI,M,Cycling - Track,Men's Omnium,,,,
Shurshin,Nikita,191,95,Russian Federation,RUS,M,Cycling - Track,Men's Sprint,Men's Team Sprint,,,
Buchanan,Rushlee,170,63,New Zealand,NZL,W,Cycling - Track,Women's Sprint,,,,
Bassingthwaighte,Marc,178,68,Namibia,NAM,M,Cycling - Mountain Bike,Men's Mountain Bike,,,,
Neethling,Candice,170,60,South Africa,RSA,W,Cycling - Mountain Bike,Women's Mountain Bike,,,,
Romanyuta,Evgeniya,166,60,Russian Federation,RUS,W,Cycling - Track,Women's Omnium,,,,
Mitchell,Ethan,180,81,New Zealand,NZL,M,Cycling - Track,Men's Team Sprint,,,,
Sundstedt,Pia,168,52,Finland,FIN,W,Cycling - Road,Women's Individual Time Trial,Women's Road Race,,,
Kirkham,Brian,183,84,Australian Olympic Team,AUS,M,Cycling - BMX,Men's BMX,,,,
Vogel,Kristina,160,62,Germany,GER,W,Cycling - Track,Women's Team Sprint,Women's Sprint,Women's Keirin,,
Hoy,Sir Chris,185,93,Team GB,GBR,M,Cycling - Track,Men's Sprint,Men's Team Sprint,Men's Keirin,,
Zabelinskaya,Olga,175,61,Russian Federation,RUS,W,Cycling - Road,Women's Individual Time Trial,Women's Road Race,,,
Bole,Grega,177,70,Slovenia,SLO,M,Cycling - Road,Men's Road Race,,,,
Dawidowicz,Aleksandra,167,57,Poland,POL,W,Cycling - Mountain Bike,Women's Mountain Bike,,,,
Nyhaug,Tory,185,90,Canada,CAN,M,Cycling - BMX,Men's BMX,,,,
Shulika,Lyubov,166,65,Ukraine,UKR,W,Cycling - Track,Women's Team Sprint,Women's Sprint,Women's Team Pursuit,Women's Keirin,
Huizenga,Jenning,185,70,Netherlands,NED,M,Cycling - Track,Men's Team Pursuit,,,,
Sanchez Gil,Luis Leon,186,73,Spain,ESP,M,Cycling - Road,Men's Road Race,Men's Individual Time Trial,,,
Van Houts,van HOUTS Rudi,177,64,Netherlands,NED,M,Cycling - Mountain Bike,Men's Mountain Bike,,,,
Kenny,Jason,177,80,Team GB,GBR,M,Cycling - Track,Men's Sprint,Men's Team Sprint,Men's Keirin,,
Calle Williams,Maria Luisa,168,52,Colombia,COL,W,Cycling - Track,Women's Omnium,Women's Individual Time Trial,,,
Rodriguez,Jackson,168,60,Venezuela,VEN,M,Cycling - Road,Men's Road Race,,,,
Cavendish,Mark,175,69,Team GB,GBR,M,Cycling - Road,Men's Road Race,,,,
Rowsell,Joanna,180,64,Team GB,GBR,W,Cycling - Track,Women's Team Pursuit,,,,
Killeen,Liam,173,65,Team GB,GBR,M,Cycling - Mountain Bike,Men's Mountain Bike,,,,
Armitstead,Lizzie,168,57,Team GB,GBR,W,Cycling - Road,Women's Individual Time Trial,Women's Road Race,,,
Burke,Steven,183,74,Team GB,GBR,M,Cycling - Track,Men's Team Pursuit,,,,
Phillips,Liam,178,83,Team GB,GBR,M,Cycling - BMX,Men's BMX,,,,
Tennant,Andrew,192,79,Team GB,GBR,M,Cycling - Track,Men's Team Pursuit,,,,
Martin,Lucy,169,57,Team GB,GBR,W,Cycling - Road,Women's Road Race,,,,
Thomas,Geraint,183,71,Team GB,GBR,M,Cycling - Track,Men's Team Pursuit,,,,
Last,Annie,167,60,Team GB,GBR,W,Cycling - Mountain Bike,Women's Mountain Bike,,,,
Froome,Christopher,185,71,Team GB,GBR,M,Cycling - Road,Men's Road Race,Men's Individual Time Trial,,,
Clancy,Ed,186,77,Team GB,GBR,M,Cycling - Track,Men's Omnium,Men's Team Pursuit,,,
Stannard,Ian,190,80,Team GB,GBR,M,Cycling - Road,Men's Road Race,,,,
Kennaugh,Peter,174,64,Team GB,GBR,M,Cycling - Track,Men's Team Pursuit,,,,
Wiggins,Bradley,190,69,Team GB,GBR,M,Cycling - Road,Men's Road Race,Men's Individual Time Trial,,,
Hindes,Philip,177,83,Team GB,GBR,M,Cycling - Track,Men's Team Sprint,,,,
Trott,Laura,163,52,Team GB,GBR,W,Cycling - Track,Women's Omnium,Women's Team Pursuit,,,
Pendleton,Victoria,165,60,Team GB,GBR,W,Cycling - Track,Women's Team Sprint,Women's Sprint,Women's Keirin,,
King,Dani,175,62,Team GB,GBR,W,Cycling - Track,Women's Team Pursuit,,,,
Reade,Shanaze,170,76,Team GB,GBR,W,Cycling - BMX,Women's BMX,,,,
Pooley,Emma,157,48,Team GB,GBR,W,Cycling - Road,Women's Individual Time Trial,Women's Road Race,,,